<?xml version="1.0" encoding="UTF-8"?><record_update sys_domain="global" table="catalog_script_client">
    <catalog_script_client action="INSERT_OR_UPDATE">
        <active>true</active>
        <applies_catalog>true</applies_catalog>
        <applies_extended>false</applies_extended>
        <applies_req_item>true</applies_req_item>
        <applies_sc_task>true</applies_sc_task>
        <applies_target_record>true</applies_target_record>
        <applies_to>set</applies_to>
        <cat_item/>
        <cat_variable/>
        <condition/>
        <description/>
        <field/>
        <global>true</global>
        <isolate_script>true</isolate_script>
        <messages/>
        <name>Description Limit</name>
        <order/>
        <script><![CDATA[function onSubmit() {
	var maxLength = 300;
	var varName = 'description';
	var multi = g_form.getValue(varName);
	if(multi.length > maxLength){
		var str = multi.slice(0, maxLength);
		g_form.setValue(varName, str);
		g_form.showFieldMsg(varName, 'Max length of ' + maxLength.toString() + ' exceeded for ' + varName, 'error');
                return false;
	}
}]]></script>
        <sys_class_name>catalog_script_client</sys_class_name>
        <sys_created_by>admin</sys_created_by>
        <sys_created_on>2019-06-28 15:41:59</sys_created_on>
        <sys_domain>global</sys_domain>
        <sys_domain_path>/</sys_domain_path>
        <sys_id>2c08bb39db92330019899b81ca961982</sys_id>
        <sys_mod_count>0</sys_mod_count>
        <sys_name>Description Limit</sys_name>
        <sys_overrides/>
        <sys_package display_value="Terraform" source="x_325709_terraform">a3f7fe62dbe033009ba2f8fdbf96192a</sys_package>
        <sys_policy/>
        <sys_scope display_value="Terraform">a3f7fe62dbe033009ba2f8fdbf96192a</sys_scope>
        <sys_update_name>catalog_script_client_2c08bb39db92330019899b81ca961982</sys_update_name>
        <sys_updated_by>admin</sys_updated_by>
        <sys_updated_on>2019-06-28 15:41:59</sys_updated_on>
        <table/>
        <type>onSubmit</type>
        <ui_type>10</ui_type>
        <variable_set display_value="Workspace Request Action">1dc7f3f5db92330019899b81ca961967</variable_set>
        <view/>
    </catalog_script_client>
</record_update>
