<?xml version="1.0" encoding="UTF-8"?><record_update table="io_set_item">
    <io_set_item action="INSERT_OR_UPDATE">
        <order>100</order>
        <sc_cat_item display_value="Example With Pinned Variables">14c74a072fc10010a34fc886f699b63b</sc_cat_item>
        <sys_class_name>io_set_item</sys_class_name>
        <sys_created_by>admin</sys_created_by>
        <sys_created_on>2019-11-15 21:58:22</sys_created_on>
        <sys_id>4cbccac72fc10010a34fc886f699b6dd</sys_id>
        <sys_mod_count>1</sys_mod_count>
        <sys_name>Example Pinned Variables.Example With Pinned Variables</sys_name>
        <sys_package display_value="Terraform" source="x_325709_terraform">a3f7fe62dbe033009ba2f8fdbf96192a</sys_package>
        <sys_policy/>
        <sys_scope display_value="Terraform">a3f7fe62dbe033009ba2f8fdbf96192a</sys_scope>
        <sys_update_name>io_set_item_4cbccac72fc10010a34fc886f699b6dd</sys_update_name>
        <sys_updated_by>admin</sys_updated_by>
        <sys_updated_on>2019-11-15 21:58:22</sys_updated_on>
        <variable_set display_value="Example Pinned Variables">30e846472fc10010a34fc886f699b6c3</variable_set>
    </io_set_item>
</record_update>
