<?xml version="1.0" encoding="UTF-8"?><record_update table="io_set_item">
    <io_set_item action="INSERT_OR_UPDATE">
        <order>1</order>
        <sc_cat_item display_value="Provision Resources with Variables">8058976adb213300e3d5d426ca961935</sc_cat_item>
        <sys_class_name>io_set_item</sys_class_name>
        <sys_created_by>admin</sys_created_by>
        <sys_created_on>2019-06-28 15:37:55</sys_created_on>
        <sys_id>fb27b739db92330019899b81ca96194c</sys_id>
        <sys_mod_count>2</sys_mod_count>
        <sys_name>Workspace Request Create.Provision Resources with Variables</sys_name>
        <sys_package display_value="Terraform" source="x_325709_terraform">a3f7fe62dbe033009ba2f8fdbf96192a</sys_package>
        <sys_policy/>
        <sys_scope display_value="Terraform">a3f7fe62dbe033009ba2f8fdbf96192a</sys_scope>
        <sys_update_name>io_set_item_fb27b739db92330019899b81ca96194c</sys_update_name>
        <sys_updated_by>admin</sys_updated_by>
        <sys_updated_on>2019-06-28 15:54:36</sys_updated_on>
        <variable_set display_value="Workspace Request Create">c18f6bf1db92330019899b81ca9619f5</variable_set>
    </io_set_item>
</record_update>
