<?xml version="1.0" encoding="UTF-8"?><record_update table="io_set_item">
    <io_set_item action="INSERT_OR_UPDATE">
        <order>100</order>
        <sc_cat_item display_value="Create Workspace with Variable">4e6ee71ddba13300e3d5d426ca961952</sc_cat_item>
        <sys_class_name>io_set_item</sys_class_name>
        <sys_created_by>admin</sys_created_by>
        <sys_created_on>2019-05-20 19:03:53</sys_created_on>
        <sys_id>5940bb5ddba13300e3d5d426ca9619d6</sys_id>
        <sys_mod_count>1</sys_mod_count>
        <sys_name>Var Test Workspace.Provision Resources with Variable</sys_name>
        <sys_package display_value="Terraform" source="x_325709_terraform">a3f7fe62dbe033009ba2f8fdbf96192a</sys_package>
        <sys_policy/>
        <sys_scope display_value="Terraform">a3f7fe62dbe033009ba2f8fdbf96192a</sys_scope>
        <sys_update_name>io_set_item_5940bb5ddba13300e3d5d426ca9619d6</sys_update_name>
        <sys_updated_by>admin</sys_updated_by>
        <sys_updated_on>2019-05-20 19:03:53</sys_updated_on>
        <variable_set display_value="Workspace Variables">9018e719dba13300e3d5d426ca96190f</variable_set>
    </io_set_item>
</record_update>
