<?xml version="1.0" encoding="UTF-8"?><record_update table="item_option_new_set">
    <item_option_new_set action="INSERT_OR_UPDATE">
        <create_roles/>
        <description/>
        <display_title>true</display_title>
        <internal_name>workspace_variables</internal_name>
        <layout>2across</layout>
        <name/>
        <order>100</order>
        <read_roles/>
        <sys_class_name>item_option_new_set</sys_class_name>
        <sys_created_by>admin</sys_created_by>
        <sys_created_on>2019-05-20 18:28:07</sys_created_on>
        <sys_id>9018e719dba13300e3d5d426ca96190f</sys_id>
        <sys_mod_count>3</sys_mod_count>
        <sys_name>Workspace Variables</sys_name>
        <sys_package display_value="Terraform" source="x_325709_terraform">a3f7fe62dbe033009ba2f8fdbf96192a</sys_package>
        <sys_policy/>
        <sys_scope display_value="Terraform">a3f7fe62dbe033009ba2f8fdbf96192a</sys_scope>
        <sys_update_name>item_option_new_set_9018e719dba13300e3d5d426ca96190f</sys_update_name>
        <sys_updated_by>admin</sys_updated_by>
        <sys_updated_on>2019-06-28 15:53:51</sys_updated_on>
        <title>Workspace Variables</title>
        <type>one_to_one</type>
        <write_roles/>
    </item_option_new_set>
</record_update>
