<?xml version="1.0" encoding="UTF-8"?><record_update table="item_option_new_set">
    <item_option_new_set action="INSERT_OR_UPDATE">
        <create_roles/>
        <description>Variable set to create a workspace</description>
        <display_title>false</display_title>
        <internal_name>workspace_request_create</internal_name>
        <layout>normal</layout>
        <name/>
        <order>1</order>
        <read_roles/>
        <sys_class_name>item_option_new_set</sys_class_name>
        <sys_created_by>admin</sys_created_by>
        <sys_created_on>2019-06-28 15:04:47</sys_created_on>
        <sys_id>c18f6bf1db92330019899b81ca9619f5</sys_id>
        <sys_mod_count>1</sys_mod_count>
        <sys_name>Workspace Request Create</sys_name>
        <sys_package display_value="Terraform" source="x_325709_terraform">a3f7fe62dbe033009ba2f8fdbf96192a</sys_package>
        <sys_policy/>
        <sys_scope display_value="Terraform">a3f7fe62dbe033009ba2f8fdbf96192a</sys_scope>
        <sys_update_name>item_option_new_set_c18f6bf1db92330019899b81ca9619f5</sys_update_name>
        <sys_updated_by>admin</sys_updated_by>
        <sys_updated_on>2019-06-28 15:55:27</sys_updated_on>
        <title>Workspace Request Create</title>
        <type>one_to_one</type>
        <write_roles/>
    </item_option_new_set>
</record_update>
