<?xml version="1.0" encoding="UTF-8"?><record_update table="item_option_new">
    <item_option_new action="INSERT_OR_UPDATE">
        <active>true</active>
        <attributes/>
        <cat_item/>
        <category/>
        <choice_direction>down</choice_direction>
        <choice_field/>
        <choice_table/>
        <create_roles/>
        <default_html_value/>
        <default_value/>
        <delete_roles/>
        <delivery_plan/>
        <description/>
        <display_title>false</display_title>
        <do_not_select_first>false</do_not_select_first>
        <dynamic_default_value/>
        <dynamic_ref_qual/>
        <example_text/>
        <field/>
        <global>false</global>
        <help_tag>More information</help_tag>
        <help_text/>
        <include_none>false</include_none>
        <instructions/>
        <layout>normal</layout>
        <list_table/>
        <lookup_label/>
        <lookup_price/>
        <lookup_table>x_325709_terraform_vcs_repositories</lookup_table>
        <lookup_unique>true</lookup_unique>
        <lookup_value>name</lookup_value>
        <macro/>
        <mandatory>true</mandatory>
        <map_to_field>false</map_to_field>
        <mask_use_confirmation>false</mask_use_confirmation>
        <mask_use_encryption>false</mask_use_encryption>
        <name>tf_var_vcs_repository</name>
        <order>1</order>
        <price_if_checked>0</price_if_checked>
        <pricing_implications>false</pricing_implications>
        <question_text>VCS Repository</question_text>
        <read_roles/>
        <rec_lookup_price/>
        <rec_price_if_checked>0</rec_price_if_checked>
        <record/>
        <record_producer_table/>
        <reference/>
        <reference_qual/>
        <reference_qual_condition/>
        <scale_max>5</scale_max>
        <scale_min>0</scale_min>
        <show_help>false</show_help>
        <show_help_on_load>false</show_help_on_load>
        <sp_widget/>
        <summary_macro/>
        <sys_class_name>item_option_new</sys_class_name>
        <sys_created_by>admin</sys_created_by>
        <sys_created_on>2019-06-28 15:10:36</sys_created_on>
        <sys_id>5930b335db92330019899b81ca96198d</sys_id>
        <sys_mod_count>5</sys_mod_count>
        <sys_name>VCS Repository</sys_name>
        <sys_package display_value="Terraform" source="x_325709_terraform">a3f7fe62dbe033009ba2f8fdbf96192a</sys_package>
        <sys_policy/>
        <sys_scope display_value="Terraform">a3f7fe62dbe033009ba2f8fdbf96192a</sys_scope>
        <sys_update_name>item_option_new_5930b335db92330019899b81ca96198d</sys_update_name>
        <sys_updated_by>admin</sys_updated_by>
        <sys_updated_on>2019-06-28 16:20:14</sys_updated_on>
        <table/>
        <tooltip/>
        <type>18</type>
        <ui_page/>
        <use_dynamic_default>false</use_dynamic_default>
        <use_reference_qualifier>advanced</use_reference_qualifier>
        <validate_regex/>
        <variable_name/>
        <variable_set display_value="Workspace Request Create">c18f6bf1db92330019899b81ca9619f5</variable_set>
        <variable_width/>
        <visibility>1</visibility>
        <visible_bundle>true</visible_bundle>
        <visible_guide>true</visible_guide>
        <visible_standalone>true</visible_standalone>
        <visible_summary>true</visible_summary>
        <write_roles>admin,x_325709_terraform.vcs_repositories_user</write_roles>
    </item_option_new>
    <sys_translated_text action="delete_multiple" query="documentkey=5930b335db92330019899b81ca96198d"/>
    <fx_price action="delete_multiple" query="id=5930b335db92330019899b81ca96198d"/>
    <fx_price action="INSERT_OR_UPDATE">
        <amount>0</amount>
        <currency display_value="USD">USD</currency>
        <field>price_if_checked</field>
        <id>5930b335db92330019899b81ca96198d</id>
        <parent/>
        <reference_amount>0</reference_amount>
        <reference_currency display_value="USD">USD</reference_currency>
        <sys_created_by>admin</sys_created_by>
        <sys_created_on>2019-06-28 15:10:36</sys_created_on>
        <sys_id>7fe07b35db92330019899b81ca9619df</sys_id>
        <sys_mod_count>0</sys_mod_count>
        <sys_updated_by>admin</sys_updated_by>
        <sys_updated_on>2019-06-28 15:10:36</sys_updated_on>
        <table>item_option_new</table>
        <type>calculated</type>
    </fx_price>
    <fx_price action="INSERT_OR_UPDATE">
        <amount>0</amount>
        <currency display_value="USD">USD</currency>
        <field>rec_price_if_checked</field>
        <id>5930b335db92330019899b81ca96198d</id>
        <parent/>
        <reference_amount>0</reference_amount>
        <reference_currency display_value="USD">USD</reference_currency>
        <sys_created_by>admin</sys_created_by>
        <sys_created_on>2019-06-28 15:10:36</sys_created_on>
        <sys_id>f3e0b335db92330019899b81ca961995</sys_id>
        <sys_mod_count>0</sys_mod_count>
        <sys_updated_by>admin</sys_updated_by>
        <sys_updated_on>2019-06-28 15:10:36</sys_updated_on>
        <table>item_option_new</table>
        <type>calculated</type>
    </fx_price>
</record_update>
