<?xml version="1.0" encoding="UTF-8"?><record_update table="sc_cat_item_category">
    <sc_cat_item_category action="INSERT_OR_UPDATE">
        <sc_cat_item display_value="Delete Workspace">a27c69fc2fc10010a34fc886f699b635</sc_cat_item>
        <sc_category display_value="Terraform Resources">8872832edbe033009ba2f8fdbf961937</sc_category>
        <sys_class_name>sc_cat_item_category</sys_class_name>
        <sys_created_by>admin</sys_created_by>
        <sys_created_on>2019-11-08 19:52:12</sys_created_on>
        <sys_id>b1dca1fc2fc10010a34fc886f699b6d5</sys_id>
        <sys_mod_count>0</sys_mod_count>
        <sys_name>Terraform Resources.Delete Workspace</sys_name>
        <sys_package display_value="Terraform" source="x_325709_terraform">a3f7fe62dbe033009ba2f8fdbf96192a</sys_package>
        <sys_policy/>
        <sys_scope display_value="Terraform">a3f7fe62dbe033009ba2f8fdbf96192a</sys_scope>
        <sys_update_name>sc_cat_item_category_b1dca1fc2fc10010a34fc886f699b6d5</sys_update_name>
        <sys_updated_by>admin</sys_updated_by>
        <sys_updated_on>2019-11-08 19:52:12</sys_updated_on>
    </sc_cat_item_category>
</record_update>
