<?xml version="1.0" encoding="UTF-8"?><record_update table="sc_cat_item">
    <sc_cat_item action="INSERT_OR_UPDATE">
        <active>true</active>
        <availability>on_both</availability>
        <billable>false</billable>
        <category display_value="Terraform Resources">8872832edbe033009ba2f8fdbf961937</category>
        <cost>0</cost>
        <custom_cart/>
        <delivery_plan/>
        <delivery_plan_script/>
        <delivery_time>1970-01-03 00:00:00</delivery_time>
        <description><![CDATA[<p>Create a new workspace with variables</p>]]></description>
        <entitlement_script/>
        <group/>
        <hide_sp>false</hide_sp>
        <icon/>
        <ignore_price>true</ignore_price>
        <image/>
        <list_price>0</list_price>
        <location/>
        <mandatory_attachment>false</mandatory_attachment>
        <meta/>
        <mobile_hide_price>false</mobile_hide_price>
        <mobile_picture/>
        <mobile_picture_type>use_desktop_picture</mobile_picture_type>
        <model/>
        <name>Create Workspace with Variable</name>
        <no_attachment_v2>false</no_attachment_v2>
        <no_cart>false</no_cart>
        <no_cart_v2>false</no_cart_v2>
        <no_delivery_time_v2>false</no_delivery_time_v2>
        <no_order>false</no_order>
        <no_order_now>false</no_order_now>
        <no_proceed_checkout>false</no_proceed_checkout>
        <no_quantity>true</no_quantity>
        <no_quantity_v2>true</no_quantity_v2>
        <no_search>false</no_search>
        <no_wishlist_v2>false</no_wishlist_v2>
        <omit_price>false</omit_price>
        <order>0</order>
        <ordered_item_link/>
        <picture/>
        <preview>JavaScript: popupOpenStandard("com.glideapp.servicecatalog_cat_item_view.do?v=1&amp;sysparm_id=4e6ee71ddba13300e3d5d426ca961952&amp;sysparm_preview=true", "summary");</preview>
        <price>0</price>
        <recurring_frequency/>
        <recurring_price>0</recurring_price>
        <request_method/>
        <roles/>
        <sc_catalogs>ccb14beadbe033009ba2f8fdbf961932</sc_catalogs>
        <sc_ic_item_staging/>
        <sc_ic_version/>
        <short_description>Create a Terraform Workspace</short_description>
        <show_variable_help_on_load>false</show_variable_help_on_load>
        <start_closed>false</start_closed>
        <sys_class_name>sc_cat_item</sys_class_name>
        <sys_created_by>admin</sys_created_by>
        <sys_created_on>2019-05-20 19:01:12</sys_created_on>
        <sys_id>4e6ee71ddba13300e3d5d426ca961952</sys_id>
        <sys_mod_count>10</sys_mod_count>
        <sys_name>Create Workspace with Variable</sys_name>
        <sys_package display_value="Terraform" source="x_325709_terraform">a3f7fe62dbe033009ba2f8fdbf96192a</sys_package>
        <sys_policy/>
        <sys_scope display_value="Terraform">a3f7fe62dbe033009ba2f8fdbf96192a</sys_scope>
        <sys_update_name>sc_cat_item_4e6ee71ddba13300e3d5d426ca961952</sys_update_name>
        <sys_updated_by>admin</sys_updated_by>
        <sys_updated_on>2019-07-02 16:52:06</sys_updated_on>
        <template/>
        <type>item</type>
        <use_sc_layout>false</use_sc_layout>
        <vendor/>
        <visible_bundle>true</visible_bundle>
        <visible_guide>true</visible_guide>
        <visible_standalone>true</visible_standalone>
        <workflow display_value="Create Workspace With Variables">067dbf55dbe13300e3d5d426ca961992</workflow>
    </sc_cat_item>
    <sys_translated_text action="delete_multiple" query="documentkey=4e6ee71ddba13300e3d5d426ca961952"/>
    <fx_price action="delete_multiple" query="id=4e6ee71ddba13300e3d5d426ca961952"/>
    <fx_price action="INSERT_OR_UPDATE">
        <amount>0</amount>
        <currency display_value="USD">USD</currency>
        <field>price</field>
        <id>4e6ee71ddba13300e3d5d426ca961952</id>
        <parent/>
        <reference_amount>0</reference_amount>
        <reference_currency display_value="USD">USD</reference_currency>
        <sys_created_by>admin</sys_created_by>
        <sys_created_on>2019-05-20 19:01:12</sys_created_on>
        <sys_id>61bfefd9dba13300e3d5d426ca9619f6</sys_id>
        <sys_mod_count>0</sys_mod_count>
        <sys_updated_by>admin</sys_updated_by>
        <sys_updated_on>2019-05-20 19:01:12</sys_updated_on>
        <table>sc_cat_item</table>
        <type>calculated</type>
    </fx_price>
    <fx_price action="INSERT_OR_UPDATE">
        <amount>0</amount>
        <currency display_value="USD">USD</currency>
        <field>recurring_price</field>
        <id>4e6ee71ddba13300e3d5d426ca961952</id>
        <parent/>
        <reference_amount>0</reference_amount>
        <reference_currency display_value="USD">USD</reference_currency>
        <sys_created_by>admin</sys_created_by>
        <sys_created_on>2019-05-20 19:01:13</sys_created_on>
        <sys_id>b5bfefd9dba13300e3d5d426ca9619f7</sys_id>
        <sys_mod_count>0</sys_mod_count>
        <sys_updated_by>admin</sys_updated_by>
        <sys_updated_on>2019-05-20 19:01:13</sys_updated_on>
        <table>sc_cat_item</table>
        <type>calculated</type>
    </fx_price>
</record_update>
