<?xml version="1.0" encoding="UTF-8"?><record_update table="sc_cat_item_catalog">
    <sc_cat_item_catalog action="INSERT_OR_UPDATE">
        <sc_cat_item display_value="Example With Pinned Variables">14c74a072fc10010a34fc886f699b63b</sc_cat_item>
        <sc_catalog display_value="Terraform Catalog">ccb14beadbe033009ba2f8fdbf961932</sc_catalog>
        <sys_class_name>sc_cat_item_catalog</sys_class_name>
        <sys_created_by>admin</sys_created_by>
        <sys_created_on>2019-11-15 21:38:31</sys_created_on>
        <sys_id>5f4842072fc10010a34fc886f699b67e</sys_id>
        <sys_mod_count>0</sys_mod_count>
        <sys_name>Terraform Catalog.Example With Pinned Variables</sys_name>
        <sys_package display_value="Terraform" source="x_325709_terraform">a3f7fe62dbe033009ba2f8fdbf96192a</sys_package>
        <sys_policy/>
        <sys_scope display_value="Terraform">a3f7fe62dbe033009ba2f8fdbf96192a</sys_scope>
        <sys_update_name>sc_cat_item_catalog_5f4842072fc10010a34fc886f699b67e</sys_update_name>
        <sys_updated_by>admin</sys_updated_by>
        <sys_updated_on>2019-11-15 21:38:31</sys_updated_on>
    </sc_cat_item_catalog>
</record_update>
