<?xml version="1.0" encoding="UTF-8"?><record_update table="sc_cat_item_catalog">
    <sc_cat_item_catalog action="INSERT_OR_UPDATE">
        <sc_cat_item display_value="Create Workspace with Variable">4e6ee71ddba13300e3d5d426ca961952</sc_cat_item>
        <sc_catalog display_value="Terraform Catalog">ccb14beadbe033009ba2f8fdbf961932</sc_catalog>
        <sys_class_name>sc_cat_item_catalog</sys_class_name>
        <sys_created_by>admin</sys_created_by>
        <sys_created_on>2019-05-20 19:01:13</sys_created_on>
        <sys_id>f1bfefd9dba13300e3d5d426ca9619f9</sys_id>
        <sys_mod_count>0</sys_mod_count>
        <sys_name>Terraform.Provision Resources with Variable</sys_name>
        <sys_package display_value="Terraform" source="x_325709_terraform">a3f7fe62dbe033009ba2f8fdbf96192a</sys_package>
        <sys_policy/>
        <sys_scope display_value="Terraform">a3f7fe62dbe033009ba2f8fdbf96192a</sys_scope>
        <sys_update_name>sc_cat_item_catalog_f1bfefd9dba13300e3d5d426ca9619f9</sys_update_name>
        <sys_updated_by>admin</sys_updated_by>
        <sys_updated_on>2019-05-20 19:01:13</sys_updated_on>
    </sc_cat_item_catalog>
</record_update>
