<?xml version="1.0" encoding="UTF-8"?><record_update>
    <sys_documentation element="api_team_token" label="API Team Token" language="en" table="x_325709_terraform_config">
        <sys_documentation action="INSERT_OR_UPDATE">
            <element>api_team_token</element>
            <help/>
            <hint/>
            <label>API Team Token</label>
            <language>en</language>
            <name>x_325709_terraform_config</name>
            <plural>API Team Tokens</plural>
            <sys_class_name>sys_documentation</sys_class_name>
            <sys_created_by>admin</sys_created_by>
            <sys_created_on>2019-05-10 15:46:57</sys_created_on>
            <sys_id>26384906db520010e2e5f7af299619c9</sys_id>
            <sys_mod_count>0</sys_mod_count>
            <sys_name>API Team Token</sys_name>
            <sys_package display_value="Terraform" source="x_325709_terraform">a3f7fe62dbe033009ba2f8fdbf96192a</sys_package>
            <sys_policy/>
            <sys_scope display_value="Terraform">a3f7fe62dbe033009ba2f8fdbf96192a</sys_scope>
            <sys_update_name>sys_documentation_x_325709_terraform_config_api_team_token_en</sys_update_name>
            <sys_updated_by>admin</sys_updated_by>
            <sys_updated_on>2019-05-10 15:46:57</sys_updated_on>
            <url/>
            <url_target/>
        </sys_documentation>
    </sys_documentation>
</record_update>
