<?xml version="1.0" encoding="UTF-8"?><record_update table="sys_rest_message_headers">
    <sys_rest_message_headers action="INSERT_OR_UPDATE">
        <name>Authorization</name>
        <rest_message display_value="TF Runs">7b988c4fdbe03300e16e58b3ca9619ac</rest_message>
        <sys_class_name>sys_rest_message_headers</sys_class_name>
        <sys_created_by>admin</sys_created_by>
        <sys_created_on>2019-04-05 19:40:12</sys_created_on>
        <sys_id>44a88c4fdbe03300e16e58b3ca9619c6</sys_id>
        <sys_mod_count>0</sys_mod_count>
        <sys_name>Authorization</sys_name>
        <sys_package display_value="Terraform" source="x_325709_terraform">a3f7fe62dbe033009ba2f8fdbf96192a</sys_package>
        <sys_policy/>
        <sys_scope display_value="Terraform">a3f7fe62dbe033009ba2f8fdbf96192a</sys_scope>
        <sys_update_name>sys_rest_message_headers_44a88c4fdbe03300e16e58b3ca9619c6</sys_update_name>
        <sys_updated_by>admin</sys_updated_by>
        <sys_updated_on>2019-04-05 19:40:12</sys_updated_on>
        <value>Bearer ${api_team_token}</value>
    </sys_rest_message_headers>
</record_update>
