<?xml version="1.0" encoding="UTF-8"?><record_update>
    <sys_ui_section caption="Optional Attributes" section_id="8db9cc6bdbb03300e16e58b3ca96192b" sys_domain="global" table="x_325709_terraform_vcs_repositories" version="3" view="">
        <sys_ui_element action="INSERT_OR_UPDATE">
            <element>branch</element>
            <position>0</position>
            <sys_created_by>admin</sys_created_by>
            <sys_created_on>2019-04-19 20:16:38</sys_created_on>
            <sys_id>d4b794a3dbf03300e16e58b3ca9619e9</sys_id>
            <sys_mod_count>0</sys_mod_count>
            <sys_ui_formatter/>
            <sys_ui_section caption="Optional Attributes" display_value="Optional Attributes" name="x_325709_terraform_vcs_repositories" sys_domain="global" view="Default view">8db9cc6bdbb03300e16e58b3ca96192b</sys_ui_section>
            <sys_updated_by>admin</sys_updated_by>
            <sys_updated_on>2019-04-19 20:16:38</sys_updated_on>
            <sys_user/>
            <type/>
        </sys_ui_element>
        <sys_ui_element action="INSERT_OR_UPDATE">
            <element>working_directory</element>
            <position>1</position>
            <sys_created_by>admin</sys_created_by>
            <sys_created_on>2019-04-19 20:16:38</sys_created_on>
            <sys_id>58b794a3dbf03300e16e58b3ca9619e9</sys_id>
            <sys_mod_count>0</sys_mod_count>
            <sys_ui_formatter/>
            <sys_ui_section caption="Optional Attributes" display_value="Optional Attributes" name="x_325709_terraform_vcs_repositories" sys_domain="global" view="Default view">8db9cc6bdbb03300e16e58b3ca96192b</sys_ui_section>
            <sys_updated_by>admin</sys_updated_by>
            <sys_updated_on>2019-04-19 20:16:38</sys_updated_on>
            <sys_user/>
            <type/>
        </sys_ui_element>
        <sys_ui_element action="INSERT_OR_UPDATE">
            <element>.split</element>
            <position>2</position>
            <sys_created_by>admin</sys_created_by>
            <sys_created_on>2019-04-19 20:16:38</sys_created_on>
            <sys_id>d8b794a3dbf03300e16e58b3ca9619e9</sys_id>
            <sys_mod_count>0</sys_mod_count>
            <sys_ui_formatter/>
            <sys_ui_section caption="Optional Attributes" display_value="Optional Attributes" name="x_325709_terraform_vcs_repositories" sys_domain="global" view="Default view">8db9cc6bdbb03300e16e58b3ca96192b</sys_ui_section>
            <sys_updated_by>admin</sys_updated_by>
            <sys_updated_on>2019-04-19 20:16:38</sys_updated_on>
            <sys_user/>
            <type>.split</type>
        </sys_ui_element>
        <sys_ui_element action="INSERT_OR_UPDATE">
            <element>default_branch</element>
            <position>3</position>
            <sys_created_by>admin</sys_created_by>
            <sys_created_on>2019-04-19 20:16:38</sys_created_on>
            <sys_id>5cb794a3dbf03300e16e58b3ca9619e9</sys_id>
            <sys_mod_count>0</sys_mod_count>
            <sys_ui_formatter/>
            <sys_ui_section caption="Optional Attributes" display_value="Optional Attributes" name="x_325709_terraform_vcs_repositories" sys_domain="global" view="Default view">8db9cc6bdbb03300e16e58b3ca96192b</sys_ui_section>
            <sys_updated_by>admin</sys_updated_by>
            <sys_updated_on>2019-04-19 20:16:38</sys_updated_on>
            <sys_user/>
            <type/>
        </sys_ui_element>
        <sys_ui_element action="INSERT_OR_UPDATE">
            <element>terraform_version</element>
            <position>4</position>
            <sys_created_by>admin</sys_created_by>
            <sys_created_on>2019-04-19 20:16:38</sys_created_on>
            <sys_id>dcb794a3dbf03300e16e58b3ca9619e9</sys_id>
            <sys_mod_count>0</sys_mod_count>
            <sys_ui_formatter/>
            <sys_ui_section caption="Optional Attributes" display_value="Optional Attributes" name="x_325709_terraform_vcs_repositories" sys_domain="global" view="Default view">8db9cc6bdbb03300e16e58b3ca96192b</sys_ui_section>
            <sys_updated_by>admin</sys_updated_by>
            <sys_updated_on>2019-04-19 20:16:38</sys_updated_on>
            <sys_user/>
            <type/>
        </sys_ui_element>
        <sys_ui_section action="INSERT_OR_UPDATE">
            <caption>Optional Attributes</caption>
            <header>false</header>
            <name>x_325709_terraform_vcs_repositories</name>
            <roles/>
            <sys_class_name>sys_ui_section</sys_class_name>
            <sys_created_by>admin</sys_created_by>
            <sys_created_on>2019-04-19 19:15:31</sys_created_on>
            <sys_domain>global</sys_domain>
            <sys_domain_path>/</sys_domain_path>
            <sys_id>8db9cc6bdbb03300e16e58b3ca96192b</sys_id>
            <sys_mod_count>1</sys_mod_count>
            <sys_name>Optional Attributes</sys_name>
            <sys_overrides/>
            <sys_package display_value="Terraform" source="x_325709_terraform">a3f7fe62dbe033009ba2f8fdbf96192a</sys_package>
            <sys_policy/>
            <sys_scope display_value="Terraform">a3f7fe62dbe033009ba2f8fdbf96192a</sys_scope>
            <sys_update_name>sys_ui_section_8db9cc6bdbb03300e16e58b3ca96192b</sys_update_name>
            <sys_updated_by>admin</sys_updated_by>
            <sys_updated_on>2019-04-19 20:16:37</sys_updated_on>
            <sys_user/>
            <title>false</title>
            <view display_value="Default view" name="NULL">Default view</view>
            <view_name/>
        </sys_ui_section>
    </sys_ui_section>
</record_update>
