<?xml version="1.0" encoding="UTF-8"?><record_update sys_domain="global" table="sys_app_application">
    <sys_app_application action="INSERT_OR_UPDATE">
        <active>true</active>
        <category display_value="Custom Applications">e0355b31ef303000a61d5a3615c0fb78</category>
        <description/>
        <device_type>browser</device_type>
        <hint/>
        <name>TerraformConfig</name>
        <order>100</order>
        <roles>x_325709_terraform.config_user</roles>
        <sys_class_name>sys_app_application</sys_class_name>
        <sys_created_by>admin</sys_created_by>
        <sys_created_on>2019-05-10 15:45:07</sys_created_on>
        <sys_domain>global</sys_domain>
        <sys_domain_path>/</sys_domain_path>
        <sys_id>bbe2a34adb113300e16e58b3ca9619f5</sys_id>
        <sys_mod_count>0</sys_mod_count>
        <sys_name>TerraformConfig</sys_name>
        <sys_overrides/>
        <sys_package display_value="Terraform" source="x_325709_terraform">a3f7fe62dbe033009ba2f8fdbf96192a</sys_package>
        <sys_policy/>
        <sys_scope display_value="Terraform">a3f7fe62dbe033009ba2f8fdbf96192a</sys_scope>
        <sys_update_name>sys_app_application_bbe2a34adb113300e16e58b3ca9619f5</sys_update_name>
        <sys_updated_by>admin</sys_updated_by>
        <sys_updated_on>2019-05-10 15:45:07</sys_updated_on>
        <title>TerraformConfig</title>
        <view_name/>
    </sys_app_application>
</record_update>
