<?xml version="1.0" encoding="UTF-8"?><record_update table="sys_db_object">
    <sys_db_object action="INSERT_OR_UPDATE">
        <access>package_private</access>
        <actions_access>false</actions_access>
        <alter_access>false</alter_access>
        <client_scripts_access>false</client_scripts_access>
        <configuration_access>false</configuration_access>
        <create_access>false</create_access>
        <create_access_controls>true</create_access_controls>
        <delete_access>false</delete_access>
        <extension_model/>
        <is_extendable>false</is_extendable>
        <label>VCS Repositories</label>
        <live_feed_enabled>false</live_feed_enabled>
        <name>x_325709_terraform_vcs_repositories</name>
        <number_ref/>
        <provider_class/>
        <read_access>false</read_access>
        <super_class/>
        <sys_class_code/>
        <sys_class_name>sys_db_object</sys_class_name>
        <sys_class_path/>
        <sys_created_by>admin</sys_created_by>
        <sys_created_on>2019-04-19 18:55:30</sys_created_on>
        <sys_id>2fe20067dbb03300e16e58b3ca9619c6</sys_id>
        <sys_mod_count>3</sys_mod_count>
        <sys_name>VCS Repositories</sys_name>
        <sys_package display_value="Terraform" source="x_325709_terraform">a3f7fe62dbe033009ba2f8fdbf96192a</sys_package>
        <sys_policy/>
        <sys_scope display_value="Terraform">a3f7fe62dbe033009ba2f8fdbf96192a</sys_scope>
        <sys_update_name>sys_db_object_2fe20067dbb03300e16e58b3ca9619c6</sys_update_name>
        <sys_updated_by>admin</sys_updated_by>
        <sys_updated_on>2019-04-22 20:15:57</sys_updated_on>
        <update_access>false</update_access>
        <user_role display_value="x_325709_terraform.vcs_repositories_user" name="x_325709_terraform.vcs_repositories_user">271580a7dbb03300e16e58b3ca961990</user_role>
        <ws_access>false</ws_access>
    </sys_db_object>
</record_update>
