<?xml version="1.0" encoding="UTF-8"?><record_update>
    <sys_ui_form_sections form_id="23318cf9db813300e16e58b3ca9619f1" sys_domain="global" table="x_325709_terraform_terraform" version="3">
        <sys_ui_form_section action="INSERT_OR_UPDATE">
            <position>0</position>
            <sys_created_by>admin</sys_created_by>
            <sys_created_on>2019-04-26 18:24:54</sys_created_on>
            <sys_domain>global</sys_domain>
            <sys_domain_path>/</sys_domain_path>
            <sys_id>67318cf9db813300e16e58b3ca9619f3</sys_id>
            <sys_mod_count>0</sys_mod_count>
            <sys_overrides/>
            <sys_ui_form display_value="x_325709_terraform_terraform" name="x_325709_terraform_terraform" sys_domain="global" view="Default view">23318cf9db813300e16e58b3ca9619f1</sys_ui_form>
            <sys_ui_section caption="NULL" display_value="" name="x_325709_terraform_terraform" sys_domain="global" view="Default view">001bdbcddb303300e16e58b3ca9619fc</sys_ui_section>
            <sys_updated_by>admin</sys_updated_by>
            <sys_updated_on>2019-04-26 18:24:54</sys_updated_on>
        </sys_ui_form_section>
        <sys_ui_form action="INSERT_OR_UPDATE">
            <name>x_325709_terraform_terraform</name>
            <roles/>
            <sys_class_name>sys_ui_form</sys_class_name>
            <sys_created_by>admin</sys_created_by>
            <sys_created_on>2019-04-26 18:24:53</sys_created_on>
            <sys_domain>global</sys_domain>
            <sys_domain_path>/</sys_domain_path>
            <sys_id>23318cf9db813300e16e58b3ca9619f1</sys_id>
            <sys_mod_count>0</sys_mod_count>
            <sys_name>x_325709_terraform_terraform</sys_name>
            <sys_overrides/>
            <sys_package display_value="Terraform" source="x_325709_terraform">a3f7fe62dbe033009ba2f8fdbf96192a</sys_package>
            <sys_policy/>
            <sys_scope display_value="Terraform">a3f7fe62dbe033009ba2f8fdbf96192a</sys_scope>
            <sys_update_name>sys_ui_form_sections_23318cf9db813300e16e58b3ca9619f1</sys_update_name>
            <sys_updated_by>admin</sys_updated_by>
            <sys_updated_on>2019-04-26 18:24:53</sys_updated_on>
            <sys_user/>
            <view display_value="Default view" name="NULL">Default view</view>
            <view_name/>
        </sys_ui_form>
    </sys_ui_form_sections>
</record_update>
