<?xml version="1.0" encoding="UTF-8"?><record_update>
    <sys_documentation element="terraform_version" label="Terraform Version" language="en" table="x_325709_terraform_vcs_repositories">
        <sys_documentation action="INSERT_OR_UPDATE">
            <element>terraform_version</element>
            <help/>
            <hint>The version of Terraform to use for this workspace. Upon creating a workspace, the latest version is selected unless otherwise specified (e.g. "0.11.14").</hint>
            <label>Terraform Version</label>
            <language>en</language>
            <name>x_325709_terraform_vcs_repositories</name>
            <plural>Terraform Versions</plural>
            <sys_class_name>sys_documentation</sys_class_name>
            <sys_created_by>admin</sys_created_by>
            <sys_created_on>2019-04-19 19:01:15</sys_created_on>
            <sys_id>3e388906db520010e2e5f7af29961901</sys_id>
            <sys_mod_count>3</sys_mod_count>
            <sys_name>Terraform Version</sys_name>
            <sys_package display_value="Terraform" source="x_325709_terraform">a3f7fe62dbe033009ba2f8fdbf96192a</sys_package>
            <sys_policy/>
            <sys_scope display_value="Terraform">a3f7fe62dbe033009ba2f8fdbf96192a</sys_scope>
            <sys_update_name>sys_documentation_x_325709_terraform_vcs_repositories_terraform_version_en</sys_update_name>
            <sys_updated_by>admin</sys_updated_by>
            <sys_updated_on>2019-06-24 19:19:53</sys_updated_on>
            <url/>
            <url_target/>
        </sys_documentation>
    </sys_documentation>
</record_update>
