<?xml version="1.0" encoding="UTF-8"?><record_update table="sys_ws_definition">
    <sys_ws_definition action="INSERT_OR_UPDATE">
        <active>true</active>
        <base_uri>/api/x_325709_terraform/webhook_run_state</base_uri>
        <consumes>application/json,application/xml,text/xml</consumes>
        <consumes_customized>false</consumes_customized>
        <default_version>No active default version</default_version>
        <doc_link/>
        <enforce_acl>cf9d01d3e73003009d6247e603f6a990</enforce_acl>
        <is_versioned>false</is_versioned>
        <name>webhook_run_state</name>
        <namespace>x_325709_terraform</namespace>
        <produces>application/json,application/xml,text/xml</produces>
        <produces_customized>false</produces_customized>
        <service_id>webhook_run_state</service_id>
        <short_description/>
        <sys_class_name>sys_ws_definition</sys_class_name>
        <sys_created_by>admin</sys_created_by>
        <sys_created_on>2019-05-15 13:17:45</sys_created_on>
        <sys_id>3b11b4f3db113300e3d5d426ca961977</sys_id>
        <sys_mod_count>0</sys_mod_count>
        <sys_name>webhook_run_state</sys_name>
        <sys_package display_value="Terraform" source="x_325709_terraform">a3f7fe62dbe033009ba2f8fdbf96192a</sys_package>
        <sys_policy/>
        <sys_scope display_value="Terraform">a3f7fe62dbe033009ba2f8fdbf96192a</sys_scope>
        <sys_update_name>sys_ws_definition_3b11b4f3db113300e3d5d426ca961977</sys_update_name>
        <sys_updated_by>admin</sys_updated_by>
        <sys_updated_on>2019-05-15 13:17:45</sys_updated_on>
    </sys_ws_definition>
</record_update>
