<?xml version="1.0" encoding="UTF-8"?><record_update>
    <sys_ui_section caption="" section_id="00a8046bdbb03300e16e58b3ca961984" sys_domain="global" table="x_325709_terraform_vcs_repositories" version="3" view="">
        <sys_ui_element action="INSERT_OR_UPDATE">
            <element>name</element>
            <position>0</position>
            <sys_created_by>admin</sys_created_by>
            <sys_created_on>2019-04-19 19:15:32</sys_created_on>
            <sys_id>8db9cc6bdbb03300e16e58b3ca9619f5</sys_id>
            <sys_mod_count>0</sys_mod_count>
            <sys_ui_formatter/>
            <sys_ui_section caption="NULL" display_value="" name="x_325709_terraform_vcs_repositories" sys_domain="global" view="Default view">00a8046bdbb03300e16e58b3ca961984</sys_ui_section>
            <sys_updated_by>admin</sys_updated_by>
            <sys_updated_on>2019-04-19 19:15:32</sys_updated_on>
            <sys_user/>
            <type/>
        </sys_ui_element>
        <sys_ui_element action="INSERT_OR_UPDATE">
            <element>oauth_token_id</element>
            <position>1</position>
            <sys_created_by>admin</sys_created_by>
            <sys_created_on>2019-04-19 19:15:32</sys_created_on>
            <sys_id>01b9cc6bdbb03300e16e58b3ca9619f6</sys_id>
            <sys_mod_count>0</sys_mod_count>
            <sys_ui_formatter/>
            <sys_ui_section caption="NULL" display_value="" name="x_325709_terraform_vcs_repositories" sys_domain="global" view="Default view">00a8046bdbb03300e16e58b3ca961984</sys_ui_section>
            <sys_updated_by>admin</sys_updated_by>
            <sys_updated_on>2019-04-19 19:15:32</sys_updated_on>
            <sys_user/>
            <type/>
        </sys_ui_element>
        <sys_ui_element action="INSERT_OR_UPDATE">
            <element>.split</element>
            <position>2</position>
            <sys_created_by>admin</sys_created_by>
            <sys_created_on>2019-04-19 19:15:32</sys_created_on>
            <sys_id>81b9cc6bdbb03300e16e58b3ca9619f6</sys_id>
            <sys_mod_count>0</sys_mod_count>
            <sys_ui_formatter/>
            <sys_ui_section caption="NULL" display_value="" name="x_325709_terraform_vcs_repositories" sys_domain="global" view="Default view">00a8046bdbb03300e16e58b3ca961984</sys_ui_section>
            <sys_updated_by>admin</sys_updated_by>
            <sys_updated_on>2019-04-19 19:15:32</sys_updated_on>
            <sys_user/>
            <type>.split</type>
        </sys_ui_element>
        <sys_ui_element action="INSERT_OR_UPDATE">
            <element>identifier</element>
            <position>3</position>
            <sys_created_by>admin</sys_created_by>
            <sys_created_on>2019-04-19 19:15:32</sys_created_on>
            <sys_id>05b9cc6bdbb03300e16e58b3ca9619f6</sys_id>
            <sys_mod_count>0</sys_mod_count>
            <sys_ui_formatter/>
            <sys_ui_section caption="NULL" display_value="" name="x_325709_terraform_vcs_repositories" sys_domain="global" view="Default view">00a8046bdbb03300e16e58b3ca961984</sys_ui_section>
            <sys_updated_by>admin</sys_updated_by>
            <sys_updated_on>2019-04-19 19:15:32</sys_updated_on>
            <sys_user/>
            <type/>
        </sys_ui_element>
        <sys_ui_section action="INSERT_OR_UPDATE">
            <caption/>
            <header>false</header>
            <name>x_325709_terraform_vcs_repositories</name>
            <roles/>
            <sys_class_name>sys_ui_section</sys_class_name>
            <sys_created_by>admin</sys_created_by>
            <sys_created_on>2019-04-19 19:10:49</sys_created_on>
            <sys_domain>global</sys_domain>
            <sys_domain_path>/</sys_domain_path>
            <sys_id>00a8046bdbb03300e16e58b3ca961984</sys_id>
            <sys_mod_count>0</sys_mod_count>
            <sys_name>x_325709_terraform_vcs_repositories</sys_name>
            <sys_overrides/>
            <sys_package display_value="Terraform" source="x_325709_terraform">a3f7fe62dbe033009ba2f8fdbf96192a</sys_package>
            <sys_policy/>
            <sys_scope display_value="Terraform">a3f7fe62dbe033009ba2f8fdbf96192a</sys_scope>
            <sys_update_name>sys_ui_section_00a8046bdbb03300e16e58b3ca961984</sys_update_name>
            <sys_updated_by>admin</sys_updated_by>
            <sys_updated_on>2019-04-19 19:10:49</sys_updated_on>
            <sys_user/>
            <title>true</title>
            <view display_value="Default view" name="NULL">Default view</view>
            <view_name/>
        </sys_ui_section>
    </sys_ui_section>
</record_update>
