<?xml version="1.0" encoding="UTF-8"?><record_update table="sys_script_include">
    <sys_script_include action="INSERT_OR_UPDATE">
        <access>package_private</access>
        <active>true</active>
        <api_name>x_325709_terraform.tf_config</api_name>
        <client_callable>false</client_callable>
        <description>Configuration Variables for Terraform Integration</description>
        <name>tf_config</name>
        <script><![CDATA[// Configuration Variables for Terraform Integration
var tf_config = Class.create();
tf_config.prototype = {
    initialize: function() {
		/*
		* Optional: Using System Properties instead of Configuration Table for TF Access
		this.api_team_token = gs.getProperty("x_325709_terraform.api_team_token");
		this.hostname       = gs.getProperty("x_325709_terraform.hostname");
		this.org_name       = gs.getProperty("x_325709_terraform.org_name");
		*/

		// Using Config Table
		var g_config;
		var gr = new GlideRecord("x_325709_terraform_config");
		gr.setLimit(1);
		gr.query();
		while (gr.next()) {
          g_config = gr;
        }
		this.api_team_token = g_config.api_team_token;
		this.hostname       = g_config.hostname;
		this.org_name       = g_config.org_name;
    },

    type: 'tf_config'
};
]]></script>
        <sys_class_name>sys_script_include</sys_class_name>
        <sys_created_by>admin</sys_created_by>
        <sys_created_on>2019-04-10 14:38:48</sys_created_on>
        <sys_id>9e4338a8db303300e16e58b3ca961970</sys_id>
        <sys_mod_count>12</sys_mod_count>
        <sys_name>tf_config</sys_name>
        <sys_package display_value="Terraform" source="x_325709_terraform">a3f7fe62dbe033009ba2f8fdbf96192a</sys_package>
        <sys_policy>read</sys_policy>
        <sys_scope display_value="Terraform">a3f7fe62dbe033009ba2f8fdbf96192a</sys_scope>
        <sys_update_name>sys_script_include_9e4338a8db303300e16e58b3ca961970</sys_update_name>
        <sys_updated_by>admin</sys_updated_by>
        <sys_updated_on>2019-07-01 19:23:06</sys_updated_on>
    </sys_script_include>
</record_update>
