<?xml version="1.0" encoding="UTF-8"?><record_update node_type="sys_portal_page" unload_date="2020-01-13 17:50:36">
    <sys_portal_page action="INSERT_OR_UPDATE">
        <layout display_value="layout_2_across">f6defafa0a0a0b12000d5016bd12ff06</layout>
        <order/>
        <read_roles/>
        <roles/>
        <selectable>false</selectable>
        <sys_class_name>sys_portal_page</sys_class_name>
        <sys_created_by>admin</sys_created_by>
        <sys_created_on>2019-07-01 19:21:04</sys_created_on>
        <sys_domain>global</sys_domain>
        <sys_domain_path>/</sys_domain_path>
        <sys_id>b107c0c3db92330019899b81ca96192f</sys_id>
        <sys_mod_count>0</sys_mod_count>
        <sys_name>catalog_Terraform_Catalog</sys_name>
        <sys_overrides/>
        <sys_package display_value="Terraform" source="x_325709_terraform">a3f7fe62dbe033009ba2f8fdbf96192a</sys_package>
        <sys_policy/>
        <sys_scope display_value="Terraform">a3f7fe62dbe033009ba2f8fdbf96192a</sys_scope>
        <sys_update_name>sys_portal_page_b107c0c3db92330019899b81ca96192f</sys_update_name>
        <sys_updated_by>admin</sys_updated_by>
        <sys_updated_on>2019-07-01 19:21:04</sys_updated_on>
        <title>catalog_Terraform_Catalog</title>
        <user/>
        <view>catalog_Terraform_Catalog</view>
        <related_items_node>
            <sys_portal action="INSERT_OR_UPDATE">
                <dropzone>dropzone1</dropzone>
                <offset>0</offset>
                <page display_value="catalog_Terraform_Catalog">b107c0c3db92330019899b81ca96192f</page>
                <summary/>
                <sys_created_by>admin</sys_created_by>
                <sys_created_on>2019-07-01 19:21:30</sys_created_on>
                <sys_id>582748c3db92330019899b81ca96197a</sys_id>
                <sys_mod_count>0</sys_mod_count>
                <sys_updated_by>admin</sys_updated_by>
                <sys_updated_on>2019-07-01 19:21:30</sys_updated_on>
                <related_items_node>
                    <sys_portal_preferences action="INSERT_OR_UPDATE">
                        <name>macro</name>
                        <portal_section display_value="Created 2019-07-01 12:21:30">582748c3db92330019899b81ca96197a</portal_section>
                        <sys_created_by>admin</sys_created_by>
                        <sys_created_on>2019-07-01 19:21:30</sys_created_on>
                        <sys_id>502748c3db92330019899b81ca96197b</sys_id>
                        <sys_mod_count>0</sys_mod_count>
                        <sys_updated_by>admin</sys_updated_by>
                        <sys_updated_on>2019-07-01 19:21:30</sys_updated_on>
                        <value>sc_catalog_homepage_category_list</value>
                    </sys_portal_preferences>
                    <sys_portal_preferences action="INSERT_OR_UPDATE">
                        <name>title_link_class</name>
                        <portal_section display_value="Created 2019-07-01 12:21:30">582748c3db92330019899b81ca96197a</portal_section>
                        <sys_created_by>admin</sys_created_by>
                        <sys_created_on>2019-07-01 19:21:30</sys_created_on>
                        <sys_id>502748c3db92330019899b81ca96197c</sys_id>
                        <sys_mod_count>0</sys_mod_count>
                        <sys_updated_by>admin</sys_updated_by>
                        <sys_updated_on>2019-07-01 19:21:30</sys_updated_on>
                        <value>category_title_link</value>
                    </sys_portal_preferences>
                    <sys_portal_preferences action="INSERT_OR_UPDATE">
                        <name>renderer</name>
                        <portal_section display_value="Created 2019-07-01 12:21:30">582748c3db92330019899b81ca96197a</portal_section>
                        <sys_created_by>admin</sys_created_by>
                        <sys_created_on>2019-07-01 19:21:30</sys_created_on>
                        <sys_id>542748c3db92330019899b81ca96197b</sys_id>
                        <sys_mod_count>0</sys_mod_count>
                        <sys_updated_by>admin</sys_updated_by>
                        <sys_updated_on>2019-07-01 19:21:30</sys_updated_on>
                        <value>com.glideapp.servicecatalog.RenderCategory</value>
                    </sys_portal_preferences>
                    <sys_portal_preferences action="INSERT_OR_UPDATE">
                        <name>title_link</name>
                        <portal_section display_value="Created 2019-07-01 12:21:30">582748c3db92330019899b81ca96197a</portal_section>
                        <sys_created_by>admin</sys_created_by>
                        <sys_created_on>2019-07-01 19:21:30</sys_created_on>
                        <sys_id>542748c3db92330019899b81ca96197c</sys_id>
                        <sys_mod_count>0</sys_mod_count>
                        <sys_updated_by>admin</sys_updated_by>
                        <sys_updated_on>2019-07-01 19:21:30</sys_updated_on>
                        <value>com.glideapp.servicecatalog_category_view.do?v=1&amp;amp;sysparm_parent=8872832edbe033009ba2f8fdbf961937&amp;amp;sysparm_catalog=ccb14beadbe033009ba2f8fdbf961932&amp;amp;sysparm_catalog_view=catalog_Terraform_Catalog</value>
                    </sys_portal_preferences>
                    <sys_portal_preferences action="INSERT_OR_UPDATE">
                        <name>render_title</name>
                        <portal_section display_value="Created 2019-07-01 12:21:30">582748c3db92330019899b81ca96197a</portal_section>
                        <sys_created_by>admin</sys_created_by>
                        <sys_created_on>2019-07-01 19:21:30</sys_created_on>
                        <sys_id>582748c3db92330019899b81ca96197b</sys_id>
                        <sys_mod_count>0</sys_mod_count>
                        <sys_updated_by>admin</sys_updated_by>
                        <sys_updated_on>2019-07-01 19:21:30</sys_updated_on>
                        <value>true</value>
                    </sys_portal_preferences>
                    <sys_portal_preferences action="INSERT_OR_UPDATE">
                        <name>title</name>
                        <portal_section display_value="Created 2019-07-01 12:21:30">582748c3db92330019899b81ca96197a</portal_section>
                        <sys_created_by>admin</sys_created_by>
                        <sys_created_on>2019-07-01 19:21:30</sys_created_on>
                        <sys_id>582748c3db92330019899b81ca96197c</sys_id>
                        <sys_mod_count>0</sys_mod_count>
                        <sys_updated_by>admin</sys_updated_by>
                        <sys_updated_on>2019-07-01 19:21:30</sys_updated_on>
                        <value>Terraform Resources</value>
                    </sys_portal_preferences>
                    <sys_portal_preferences action="INSERT_OR_UPDATE">
                        <name>catalog</name>
                        <portal_section display_value="Created 2019-07-01 12:21:30">582748c3db92330019899b81ca96197a</portal_section>
                        <sys_created_by>admin</sys_created_by>
                        <sys_created_on>2019-07-01 19:21:30</sys_created_on>
                        <sys_id>5c2748c3db92330019899b81ca96197b</sys_id>
                        <sys_mod_count>0</sys_mod_count>
                        <sys_updated_by>admin</sys_updated_by>
                        <sys_updated_on>2019-07-01 19:21:30</sys_updated_on>
                        <value>ccb14beadbe033009ba2f8fdbf961932</value>
                    </sys_portal_preferences>
                    <sys_portal_preferences action="INSERT_OR_UPDATE">
                        <name>catalog_view</name>
                        <portal_section display_value="Created 2019-07-01 12:21:30">582748c3db92330019899b81ca96197a</portal_section>
                        <sys_created_by>admin</sys_created_by>
                        <sys_created_on>2019-07-01 19:21:30</sys_created_on>
                        <sys_id>d02748c3db92330019899b81ca96197d</sys_id>
                        <sys_mod_count>0</sys_mod_count>
                        <sys_updated_by>admin</sys_updated_by>
                        <sys_updated_on>2019-07-01 19:21:30</sys_updated_on>
                        <value>catalog_Terraform_Catalog</value>
                    </sys_portal_preferences>
                    <sys_portal_preferences action="INSERT_OR_UPDATE">
                        <name>current_page</name>
                        <portal_section display_value="Created 2019-07-01 12:21:30">582748c3db92330019899b81ca96197a</portal_section>
                        <sys_created_by>admin</sys_created_by>
                        <sys_created_on>2019-07-01 19:21:30</sys_created_on>
                        <sys_id>d42748c3db92330019899b81ca96197d</sys_id>
                        <sys_mod_count>0</sys_mod_count>
                        <sys_updated_by>admin</sys_updated_by>
                        <sys_updated_on>2019-07-01 19:21:30</sys_updated_on>
                        <value/>
                    </sys_portal_preferences>
                    <sys_portal_preferences action="INSERT_OR_UPDATE">
                        <name>sys_id</name>
                        <portal_section display_value="Created 2019-07-01 12:21:30">582748c3db92330019899b81ca96197a</portal_section>
                        <sys_created_by>admin</sys_created_by>
                        <sys_created_on>2019-07-01 19:21:30</sys_created_on>
                        <sys_id>d82748c3db92330019899b81ca96197a</sys_id>
                        <sys_mod_count>0</sys_mod_count>
                        <sys_updated_by>admin</sys_updated_by>
                        <sys_updated_on>2019-07-01 19:21:30</sys_updated_on>
                        <value>8872832edbe033009ba2f8fdbf961937</value>
                    </sys_portal_preferences>
                    <sys_portal_preferences action="INSERT_OR_UPDATE">
                        <name>type</name>
                        <portal_section display_value="Created 2019-07-01 12:21:30">582748c3db92330019899b81ca96197a</portal_section>
                        <sys_created_by>admin</sys_created_by>
                        <sys_created_on>2019-07-01 19:21:30</sys_created_on>
                        <sys_id>dc2748c3db92330019899b81ca96197c</sys_id>
                        <sys_mod_count>0</sys_mod_count>
                        <sys_updated_by>admin</sys_updated_by>
                        <sys_updated_on>2019-07-01 19:21:30</sys_updated_on>
                        <value>category</value>
                    </sys_portal_preferences>
                </related_items_node>
            </sys_portal>
        </related_items_node>
    </sys_portal_page>
</record_update>
