<?xml version="1.0" encoding="UTF-8"?><record_update>
    <sys_ui_section caption="" section_id="001bdbcddb303300e16e58b3ca9619fc" sys_domain="global" table="x_325709_terraform_terraform" version="3" view="">
        <sys_ui_element action="INSERT_OR_UPDATE">
            <element>workspace_name</element>
            <position>0</position>
            <sys_created_by>admin</sys_created_by>
            <sys_created_on>2019-06-27 14:46:27</sys_created_on>
            <sys_id>04d16ee5db12330019899b81ca9619f3</sys_id>
            <sys_mod_count>0</sys_mod_count>
            <sys_ui_formatter/>
            <sys_ui_section caption="NULL" display_value="" name="x_325709_terraform_terraform" sys_domain="global" view="Default view">001bdbcddb303300e16e58b3ca9619fc</sys_ui_section>
            <sys_updated_by>admin</sys_updated_by>
            <sys_updated_on>2019-06-27 14:46:27</sys_updated_on>
            <sys_user/>
            <type/>
        </sys_ui_element>
        <sys_ui_element action="INSERT_OR_UPDATE">
            <element>workspace_id</element>
            <position>1</position>
            <sys_created_by>admin</sys_created_by>
            <sys_created_on>2019-06-27 14:46:27</sys_created_on>
            <sys_id>84d16ee5db12330019899b81ca9619f3</sys_id>
            <sys_mod_count>0</sys_mod_count>
            <sys_ui_formatter/>
            <sys_ui_section caption="NULL" display_value="" name="x_325709_terraform_terraform" sys_domain="global" view="Default view">001bdbcddb303300e16e58b3ca9619fc</sys_ui_section>
            <sys_updated_by>admin</sys_updated_by>
            <sys_updated_on>2019-06-27 14:46:27</sys_updated_on>
            <sys_user/>
            <type/>
        </sys_ui_element>
        <sys_ui_element action="INSERT_OR_UPDATE">
            <element>tfe_action_type</element>
            <position>2</position>
            <sys_created_by>admin</sys_created_by>
            <sys_created_on>2019-06-27 14:46:27</sys_created_on>
            <sys_id>08d16ee5db12330019899b81ca9619f3</sys_id>
            <sys_mod_count>0</sys_mod_count>
            <sys_ui_formatter/>
            <sys_ui_section caption="NULL" display_value="" name="x_325709_terraform_terraform" sys_domain="global" view="Default view">001bdbcddb303300e16e58b3ca9619fc</sys_ui_section>
            <sys_updated_by>admin</sys_updated_by>
            <sys_updated_on>2019-06-27 14:46:27</sys_updated_on>
            <sys_user/>
            <type/>
        </sys_ui_element>
        <sys_ui_element action="INSERT_OR_UPDATE">
            <element>last_known_state</element>
            <position>3</position>
            <sys_created_by>admin</sys_created_by>
            <sys_created_on>2019-06-27 14:46:27</sys_created_on>
            <sys_id>88d16ee5db12330019899b81ca9619f3</sys_id>
            <sys_mod_count>0</sys_mod_count>
            <sys_ui_formatter/>
            <sys_ui_section caption="NULL" display_value="" name="x_325709_terraform_terraform" sys_domain="global" view="Default view">001bdbcddb303300e16e58b3ca9619fc</sys_ui_section>
            <sys_updated_by>admin</sys_updated_by>
            <sys_updated_on>2019-06-27 14:46:27</sys_updated_on>
            <sys_user/>
            <type/>
        </sys_ui_element>
        <sys_ui_element action="INSERT_OR_UPDATE">
            <element>.split</element>
            <position>4</position>
            <sys_created_by>admin</sys_created_by>
            <sys_created_on>2019-06-27 14:46:27</sys_created_on>
            <sys_id>0cd16ee5db12330019899b81ca9619f3</sys_id>
            <sys_mod_count>0</sys_mod_count>
            <sys_ui_formatter/>
            <sys_ui_section caption="NULL" display_value="" name="x_325709_terraform_terraform" sys_domain="global" view="Default view">001bdbcddb303300e16e58b3ca9619fc</sys_ui_section>
            <sys_updated_by>admin</sys_updated_by>
            <sys_updated_on>2019-06-27 14:46:27</sys_updated_on>
            <sys_user/>
            <type>.split</type>
        </sys_ui_element>
        <sys_ui_element action="INSERT_OR_UPDATE">
            <element>requested_item</element>
            <position>5</position>
            <sys_created_by>admin</sys_created_by>
            <sys_created_on>2019-06-27 14:46:27</sys_created_on>
            <sys_id>8cd16ee5db12330019899b81ca9619f3</sys_id>
            <sys_mod_count>0</sys_mod_count>
            <sys_ui_formatter/>
            <sys_ui_section caption="NULL" display_value="" name="x_325709_terraform_terraform" sys_domain="global" view="Default view">001bdbcddb303300e16e58b3ca9619fc</sys_ui_section>
            <sys_updated_by>admin</sys_updated_by>
            <sys_updated_on>2019-06-27 14:46:27</sys_updated_on>
            <sys_user/>
            <type/>
        </sys_ui_element>
        <sys_ui_element action="INSERT_OR_UPDATE">
            <element>request</element>
            <position>6</position>
            <sys_created_by>admin</sys_created_by>
            <sys_created_on>2019-06-27 14:46:27</sys_created_on>
            <sys_id>00d16ee5db12330019899b81ca9619f4</sys_id>
            <sys_mod_count>0</sys_mod_count>
            <sys_ui_formatter/>
            <sys_ui_section caption="NULL" display_value="" name="x_325709_terraform_terraform" sys_domain="global" view="Default view">001bdbcddb303300e16e58b3ca9619fc</sys_ui_section>
            <sys_updated_by>admin</sys_updated_by>
            <sys_updated_on>2019-06-27 14:46:27</sys_updated_on>
            <sys_user/>
            <type/>
        </sys_ui_element>
        <sys_ui_element action="INSERT_OR_UPDATE">
            <element>sys_updated_on</element>
            <position>7</position>
            <sys_created_by>admin</sys_created_by>
            <sys_created_on>2019-06-27 14:46:27</sys_created_on>
            <sys_id>80d16ee5db12330019899b81ca9619f4</sys_id>
            <sys_mod_count>0</sys_mod_count>
            <sys_ui_formatter/>
            <sys_ui_section caption="NULL" display_value="" name="x_325709_terraform_terraform" sys_domain="global" view="Default view">001bdbcddb303300e16e58b3ca9619fc</sys_ui_section>
            <sys_updated_by>admin</sys_updated_by>
            <sys_updated_on>2019-06-27 14:46:27</sys_updated_on>
            <sys_user/>
            <type/>
        </sys_ui_element>
        <sys_ui_element action="INSERT_OR_UPDATE">
            <element>.end_split</element>
            <position>8</position>
            <sys_created_by>admin</sys_created_by>
            <sys_created_on>2019-06-27 14:46:27</sys_created_on>
            <sys_id>04d16ee5db12330019899b81ca9619f4</sys_id>
            <sys_mod_count>0</sys_mod_count>
            <sys_ui_formatter/>
            <sys_ui_section caption="NULL" display_value="" name="x_325709_terraform_terraform" sys_domain="global" view="Default view">001bdbcddb303300e16e58b3ca9619fc</sys_ui_section>
            <sys_updated_by>admin</sys_updated_by>
            <sys_updated_on>2019-06-27 14:46:27</sys_updated_on>
            <sys_user/>
            <type>.end_split</type>
        </sys_ui_element>
        <sys_ui_element action="INSERT_OR_UPDATE">
            <element>tfe_workspace_url</element>
            <position>9</position>
            <sys_created_by>admin</sys_created_by>
            <sys_created_on>2019-06-27 14:46:27</sys_created_on>
            <sys_id>84d16ee5db12330019899b81ca9619f4</sys_id>
            <sys_mod_count>0</sys_mod_count>
            <sys_ui_formatter/>
            <sys_ui_section caption="NULL" display_value="" name="x_325709_terraform_terraform" sys_domain="global" view="Default view">001bdbcddb303300e16e58b3ca9619fc</sys_ui_section>
            <sys_updated_by>admin</sys_updated_by>
            <sys_updated_on>2019-06-27 14:46:27</sys_updated_on>
            <sys_user/>
            <type/>
        </sys_ui_element>
        <sys_ui_element action="INSERT_OR_UPDATE">
            <element>tf_action_type</element>
            <position>10</position>
            <sys_created_by>admin</sys_created_by>
            <sys_created_on>2019-06-28 19:59:55</sys_created_on>
            <sys_id>c223f806dbd23300176661ca0b961984</sys_id>
            <sys_mod_count>0</sys_mod_count>
            <sys_ui_formatter/>
            <sys_ui_section caption="NULL" display_value="" name="x_325709_terraform_terraform" sys_domain="global" view="Default view">001bdbcddb303300e16e58b3ca9619fc</sys_ui_section>
            <sys_updated_by>admin</sys_updated_by>
            <sys_updated_on>2019-06-28 19:59:55</sys_updated_on>
            <sys_user/>
            <type/>
        </sys_ui_element>
        <sys_ui_element action="INSERT_OR_UPDATE">
            <element>tf_workspace_url</element>
            <position>11</position>
            <sys_created_by>admin</sys_created_by>
            <sys_created_on>2019-06-28 20:01:32</sys_created_on>
            <sys_id>a1837c06dbd23300176661ca0b96194c</sys_id>
            <sys_mod_count>0</sys_mod_count>
            <sys_ui_formatter/>
            <sys_ui_section caption="NULL" display_value="" name="x_325709_terraform_terraform" sys_domain="global" view="Default view">001bdbcddb303300e16e58b3ca9619fc</sys_ui_section>
            <sys_updated_by>admin</sys_updated_by>
            <sys_updated_on>2019-06-28 20:01:32</sys_updated_on>
            <sys_user/>
            <type/>
        </sys_ui_element>
        <sys_ui_element action="INSERT_OR_UPDATE">
            <element>isdestroyable</element>
            <position>12</position>
            <sys_created_by>admin</sys_created_by>
            <sys_created_on>2019-12-04 16:17:33</sys_created_on>
            <sys_id>be053e81db6d0010ec759235ca96191b</sys_id>
            <sys_mod_count>0</sys_mod_count>
            <sys_ui_formatter/>
            <sys_ui_section caption="NULL" display_value="" name="x_325709_terraform_terraform" sys_domain="global" view="Default view">001bdbcddb303300e16e58b3ca9619fc</sys_ui_section>
            <sys_updated_by>admin</sys_updated_by>
            <sys_updated_on>2019-12-04 16:17:33</sys_updated_on>
            <sys_user/>
            <type/>
        </sys_ui_element>
        <sys_ui_element action="INSERT_OR_UPDATE">
            <element>is_destroyable</element>
            <position>13</position>
            <sys_created_by>admin</sys_created_by>
            <sys_created_on>2019-12-05 19:27:23</sys_created_on>
            <sys_id>991a24eddb210010ec759235ca961920</sys_id>
            <sys_mod_count>0</sys_mod_count>
            <sys_ui_formatter/>
            <sys_ui_section caption="NULL" display_value="" name="x_325709_terraform_terraform" sys_domain="global" view="Default view">001bdbcddb303300e16e58b3ca9619fc</sys_ui_section>
            <sys_updated_by>admin</sys_updated_by>
            <sys_updated_on>2019-12-05 19:27:23</sys_updated_on>
            <sys_user/>
            <type/>
        </sys_ui_element>
        <sys_ui_section action="INSERT_OR_UPDATE">
            <caption/>
            <header>false</header>
            <name>x_325709_terraform_terraform</name>
            <roles/>
            <sys_class_name>sys_ui_section</sys_class_name>
            <sys_created_by>admin</sys_created_by>
            <sys_created_on>2019-04-12 16:05:25</sys_created_on>
            <sys_domain>global</sys_domain>
            <sys_domain_path>/</sys_domain_path>
            <sys_id>001bdbcddb303300e16e58b3ca9619fc</sys_id>
            <sys_mod_count>0</sys_mod_count>
            <sys_name>x_325709_terraform_terraform</sys_name>
            <sys_overrides/>
            <sys_package display_value="Terraform" source="x_325709_terraform">a3f7fe62dbe033009ba2f8fdbf96192a</sys_package>
            <sys_policy/>
            <sys_scope display_value="Terraform">a3f7fe62dbe033009ba2f8fdbf96192a</sys_scope>
            <sys_update_name>sys_ui_section_001bdbcddb303300e16e58b3ca9619fc</sys_update_name>
            <sys_updated_by>admin</sys_updated_by>
            <sys_updated_on>2019-04-12 16:05:25</sys_updated_on>
            <sys_user/>
            <title>true</title>
            <view display_value="Default view" name="NULL">Default view</view>
            <view_name/>
        </sys_ui_section>
    </sys_ui_section>
</record_update>
