<?xml version="1.0" encoding="UTF-8"?><record_update table="sys_properties_category">
    <sys_properties_category action="INSERT_OR_UPDATE">
        <name>Terraform Configuration</name>
        <sys_class_name>sys_properties_category</sys_class_name>
        <sys_created_by>admin</sys_created_by>
        <sys_created_on>2019-04-04 19:18:24</sys_created_on>
        <sys_id>f96af226dbe033009ba2f8fdbf9619ef</sys_id>
        <sys_mod_count>1</sys_mod_count>
        <sys_name>Terraform Configuration</sys_name>
        <sys_package display_value="Terraform" source="x_325709_terraform">a3f7fe62dbe033009ba2f8fdbf96192a</sys_package>
        <sys_policy/>
        <sys_scope display_value="Terraform">a3f7fe62dbe033009ba2f8fdbf96192a</sys_scope>
        <sys_update_name>sys_properties_category_f96af226dbe033009ba2f8fdbf9619ef</sys_update_name>
        <sys_updated_by>admin</sys_updated_by>
        <sys_updated_on>2019-07-01 19:16:55</sys_updated_on>
        <title><![CDATA[<p>Configuration values for Terraform Integration</p>]]></title>
    </sys_properties_category>
    <sys_translated_text action="delete_multiple" query="documentkey=f96af226dbe033009ba2f8fdbf9619ef"/>
</record_update>
