<?xml version="1.0" encoding="UTF-8"?><record_update table="sys_rest_message_fn_parameters">
    <sys_rest_message_fn_parameters action="INSERT_OR_UPDATE">
        <name>org_name</name>
        <rest_message_function display_value="Delete Workspace">3b86e1f82fc10010a34fc886f699b6bd</rest_message_function>
        <sys_class_name>sys_rest_message_fn_parameters</sys_class_name>
        <sys_created_by>admin</sys_created_by>
        <sys_created_on>2019-11-08 19:27:56</sys_created_on>
        <sys_id>9d3729f82fc10010a34fc886f699b6b3</sys_id>
        <sys_mod_count>2</sys_mod_count>
        <sys_name>org_name</sys_name>
        <sys_package display_value="Terraform" source="x_325709_terraform">a3f7fe62dbe033009ba2f8fdbf96192a</sys_package>
        <sys_policy/>
        <sys_scope display_value="Terraform">a3f7fe62dbe033009ba2f8fdbf96192a</sys_scope>
        <sys_update_name>sys_rest_message_fn_parameters_9d3729f82fc10010a34fc886f699b6b3</sys_update_name>
        <sys_updated_by>admin</sys_updated_by>
        <sys_updated_on>2019-11-08 20:48:33</sys_updated_on>
        <type>string</type>
        <value>pwelch-staging</value>
    </sys_rest_message_fn_parameters>
</record_update>
