<?xml version="1.0" encoding="UTF-8"?><record_update table="sys_ws_operation">
    <sys_ws_operation action="INSERT_OR_UPDATE">
        <active>true</active>
        <consumes>application/json,application/xml,text/xml</consumes>
        <consumes_customized>false</consumes_customized>
        <default_operation_uri/>
        <enforce_acl>cf9d01d3e73003009d6247e603f6a990</enforce_acl>
        <http_method>POST</http_method>
        <name>update_run_state</name>
        <operation_script><![CDATA[(function process(/*RESTAPIRequest*/ request, /*RESTAPIResponse*/ response) {

    // implement resource here

})(request, response);]]></operation_script>
        <operation_uri>/api/x_325709_terraform/webhook_run_state</operation_uri>
        <produces>application/json,application/xml,text/xml</produces>
        <produces_customized>false</produces_customized>
        <relative_path>/</relative_path>
        <request_example/>
        <requires_acl_authorization>false</requires_acl_authorization>
        <requires_authentication>true</requires_authentication>
        <requires_snc_internal_role>true</requires_snc_internal_role>
        <short_description/>
        <sys_class_name>sys_ws_operation</sys_class_name>
        <sys_created_by>admin</sys_created_by>
        <sys_created_on>2019-05-15 13:18:14</sys_created_on>
        <sys_id>fa21f4f3db113300e3d5d426ca96196f</sys_id>
        <sys_mod_count>1</sys_mod_count>
        <sys_name>update_run_state</sys_name>
        <sys_package display_value="Terraform" source="x_325709_terraform">a3f7fe62dbe033009ba2f8fdbf96192a</sys_package>
        <sys_policy/>
        <sys_scope display_value="Terraform">a3f7fe62dbe033009ba2f8fdbf96192a</sys_scope>
        <sys_update_name>sys_ws_operation_fa21f4f3db113300e3d5d426ca96196f</sys_update_name>
        <sys_updated_by>admin</sys_updated_by>
        <sys_updated_on>2019-05-15 13:20:18</sys_updated_on>
        <web_service_definition display_value="webhook_run_state">3b11b4f3db113300e3d5d426ca961977</web_service_definition>
        <web_service_version/>
    </sys_ws_operation>
</record_update>
