<?xml version="1.0" encoding="UTF-8"?><record_update table="sys_security_acl_role">
    <sys_security_acl_role action="INSERT_OR_UPDATE">
        <sys_class_name>sys_security_acl_role</sys_class_name>
        <sys_created_by>admin</sys_created_by>
        <sys_created_on>2019-04-19 18:55:30</sys_created_on>
        <sys_id>771584a7dbb03300e16e58b3ca961991</sys_id>
        <sys_mod_count>2</sys_mod_count>
        <sys_name>x_325709_terraform_vcs_repositories.x_325709_terraform.vcs_repositories_user</sys_name>
        <sys_package display_value="Terraform" source="x_325709_terraform">a3f7fe62dbe033009ba2f8fdbf96192a</sys_package>
        <sys_policy/>
        <sys_scope display_value="Terraform">a3f7fe62dbe033009ba2f8fdbf96192a</sys_scope>
        <sys_security_acl display_value="x_325709_terraform_vcs_repositories">3f1584a7dbb03300e16e58b3ca96198e</sys_security_acl>
        <sys_update_name>sys_security_acl_role_771584a7dbb03300e16e58b3ca961991</sys_update_name>
        <sys_updated_by>admin</sys_updated_by>
        <sys_updated_on>2019-04-22 20:15:57</sys_updated_on>
        <sys_user_role display_value="x_325709_terraform.vcs_repositories_user" name="x_325709_terraform.vcs_repositories_user">271580a7dbb03300e16e58b3ca961990</sys_user_role>
        <transaction_id/>
    </sys_security_acl_role>
</record_update>
