<?xml version="1.0" encoding="UTF-8"?><record_update table="sys_scope_privilege">
    <sys_scope_privilege action="INSERT_OR_UPDATE">
        <operation>write</operation>
        <source_scope display_value="Terraform">a3f7fe62dbe033009ba2f8fdbf96192a</source_scope>
        <status>allowed</status>
        <sys_class_name>sys_scope_privilege</sys_class_name>
        <sys_created_by>admin</sys_created_by>
        <sys_created_on>2019-06-27 14:50:19</sys_created_on>
        <sys_id>b4b222a9db12330019899b81ca961989</sys_id>
        <sys_mod_count>0</sys_mod_count>
        <sys_name>sc_req_item</sys_name>
        <sys_package display_value="Terraform" source="x_325709_terraform">a3f7fe62dbe033009ba2f8fdbf96192a</sys_package>
        <sys_policy/>
        <sys_scope display_value="Terraform">a3f7fe62dbe033009ba2f8fdbf96192a</sys_scope>
        <sys_update_name>sys_scope_privilege_b4b222a9db12330019899b81ca961989</sys_update_name>
        <sys_updated_by>admin</sys_updated_by>
        <sys_updated_on>2019-06-27 14:50:19</sys_updated_on>
        <target_name>sc_req_item</target_name>
        <target_scope display_value="Global">global</target_scope>
        <target_type>sys_db_object</target_type>
    </sys_scope_privilege>
</record_update>
