<?xml version="1.0" encoding="UTF-8"?><record_update table="sys_rest_message">
    <sys_rest_message action="INSERT_OR_UPDATE">
        <access>package_private</access>
        <authentication_type>no_authentication</authentication_type>
        <basic_auth_password/>
        <basic_auth_profile/>
        <basic_auth_user/>
        <description>Terraform Variables API Requests</description>
        <name>TF Variables</name>
        <oauth2_profile/>
        <protocol_name/>
        <rest_endpoint>${hostname}/api/v2/vars</rest_endpoint>
        <sys_class_name>sys_rest_message</sys_class_name>
        <sys_created_by>admin</sys_created_by>
        <sys_created_on>2019-05-20 21:08:36</sys_created_on>
        <sys_id>ee7c00eddbe13300e3d5d426ca96196e</sys_id>
        <sys_mod_count>0</sys_mod_count>
        <sys_name>TF Variables</sys_name>
        <sys_package display_value="Terraform" source="x_325709_terraform">a3f7fe62dbe033009ba2f8fdbf96192a</sys_package>
        <sys_policy/>
        <sys_scope display_value="Terraform">a3f7fe62dbe033009ba2f8fdbf96192a</sys_scope>
        <sys_update_name>sys_rest_message_ee7c00eddbe13300e3d5d426ca96196e</sys_update_name>
        <sys_updated_by>admin</sys_updated_by>
        <sys_updated_on>2019-05-20 21:08:36</sys_updated_on>
        <use_basic_auth>false</use_basic_auth>
        <use_mutual_auth>false</use_mutual_auth>
    </sys_rest_message>
</record_update>
