<?xml version="1.0" encoding="UTF-8"?><record_update table="sys_db_object">
    <sys_db_object action="INSERT_OR_UPDATE">
        <access>public</access>
        <actions_access>false</actions_access>
        <alter_access>false</alter_access>
        <client_scripts_access>false</client_scripts_access>
        <configuration_access>false</configuration_access>
        <create_access>false</create_access>
        <create_access_controls>true</create_access_controls>
        <delete_access>false</delete_access>
        <extension_model/>
        <is_extendable>false</is_extendable>
        <label>Terraform</label>
        <live_feed_enabled>false</live_feed_enabled>
        <name>x_325709_terraform_terraform</name>
        <number_ref/>
        <provider_class/>
        <read_access>true</read_access>
        <super_class/>
        <sys_class_code/>
        <sys_class_name>sys_db_object</sys_class_name>
        <sys_class_path/>
        <sys_created_by>admin</sys_created_by>
        <sys_created_on>2019-04-12 16:00:47</sys_created_on>
        <sys_id>0869178ddb303300e16e58b3ca96193c</sys_id>
        <sys_mod_count>1</sys_mod_count>
        <sys_name>Terraform</sys_name>
        <sys_package display_value="Terraform" source="x_325709_terraform">a3f7fe62dbe033009ba2f8fdbf96192a</sys_package>
        <sys_policy/>
        <sys_scope display_value="Terraform">a3f7fe62dbe033009ba2f8fdbf96192a</sys_scope>
        <sys_update_name>sys_db_object_0869178ddb303300e16e58b3ca96193c</sys_update_name>
        <sys_updated_by>admin</sys_updated_by>
        <sys_updated_on>2019-04-12 17:54:16</sys_updated_on>
        <update_access>false</update_access>
        <user_role display_value="x_325709_terraform.terraform_user" name="x_325709_terraform.terraform_user">ce2fb0a0db703300e16e58b3ca9619d6</user_role>
        <ws_access>true</ws_access>
    </sys_db_object>
</record_update>
