<?xml version="1.0" encoding="UTF-8"?><record_update table="sys_rest_message_fn">
    <sys_rest_message_fn action="INSERT_OR_UPDATE">
        <authentication_type>inherit_from_parent</authentication_type>
        <basic_auth_password/>
        <basic_auth_profile/>
        <basic_auth_user/>
        <content>{&#13;
  "data": {&#13;
    "attributes": {&#13;
      "name": "REQ0010082",&#13;
      "terraform_version": "0.11.1",&#13;
      "vcs-repo": {&#13;
        "branch": "",&#13;
        "default-branch": "true",&#13;
        "identifier": "pwelch/test-workspace",&#13;
        "oauth-token-id": "ot-P5kuccByffeiX13J"&#13;
      },&#13;
      "working-directory": ""&#13;
    },&#13;
    "type": "workspaces"&#13;
  }&#13;
}&#13;
</content>
        <function_name>Create Workspace</function_name>
        <http_method>post</http_method>
        <lock>false</lock>
        <oauth2_profile/>
        <protocol_name/>
        <qualified_name>TF Workspaces [ Create Workspace ]</qualified_name>
        <rest_endpoint>${hostname}/api/v2/organizations/${org_name}/workspaces</rest_endpoint>
        <rest_message display_value="TF Workspaces">d878faa2dbe033009ba2f8fdbf9619e6</rest_message>
        <sys_class_name>sys_rest_message_fn</sys_class_name>
        <sys_created_by>admin</sys_created_by>
        <sys_created_on>2019-04-04 19:11:20</sys_created_on>
        <sys_id>e5e8faa2dbe033009ba2f8fdbf9619b0</sys_id>
        <sys_mod_count>9</sys_mod_count>
        <sys_name>Create Workspace</sys_name>
        <sys_package display_value="Terraform" source="x_325709_terraform">a3f7fe62dbe033009ba2f8fdbf96192a</sys_package>
        <sys_policy/>
        <sys_scope display_value="Terraform">a3f7fe62dbe033009ba2f8fdbf96192a</sys_scope>
        <sys_update_name>sys_rest_message_fn_e5e8faa2dbe033009ba2f8fdbf9619b0</sys_update_name>
        <sys_updated_by>admin</sys_updated_by>
        <sys_updated_on>2019-04-23 17:45:15</sys_updated_on>
        <use_basic_auth>false</use_basic_auth>
        <use_mid_server/>
        <use_mutual_auth>false</use_mutual_auth>
    </sys_rest_message_fn>
</record_update>
