<?xml version="1.0" encoding="UTF-8"?><record_update table="sys_script_include">
    <sys_script_include action="INSERT_OR_UPDATE">
        <access>package_private</access>
        <active>true</active>
        <api_name>x_325709_terraform.tf_vcs_record</api_name>
        <client_callable>false</client_callable>
        <description/>
        <name>tf_vcs_record</name>
        <script><![CDATA[/*global tf_vcs_record*/

// Manage ServiceNow Terraform Records
var tf_vcs_record = Class.create();
tf_vcs_record.prototype = {
    initialize: function() {},

		/*
		* @param {String} vcs_name - Workspace VCS Name
		* @returns {Object} GlideRecord for VCS
		*/
		get: function(vcs_name) {
			var record;
			var grVCS = new GlideRecord("x_325709_terraform_vcs_repositories");
			grVCS.addQuery("name", vcs_name);
			grVCS.setLimit(1);
			grVCS.query();
			while (grVCS.next()) {
				record = grVCS;
			}

			return record;
		},

    type: 'tf_vcs_record'
};
]]></script>
        <sys_class_name>sys_script_include</sys_class_name>
        <sys_created_by>admin</sys_created_by>
        <sys_created_on>2019-06-13 19:53:47</sys_created_on>
        <sys_id>62d163c1dbce3300176661ca0b9619c1</sys_id>
        <sys_mod_count>1</sys_mod_count>
        <sys_name>tf_vcs_record</sys_name>
        <sys_package display_value="Terraform" source="x_325709_terraform">a3f7fe62dbe033009ba2f8fdbf96192a</sys_package>
        <sys_policy>read</sys_policy>
        <sys_scope display_value="Terraform">a3f7fe62dbe033009ba2f8fdbf96192a</sys_scope>
        <sys_update_name>sys_script_include_62d163c1dbce3300176661ca0b9619c1</sys_update_name>
        <sys_updated_by>admin</sys_updated_by>
        <sys_updated_on>2019-06-13 22:41:20</sys_updated_on>
    </sys_script_include>
</record_update>
