<?xml version="1.0" encoding="UTF-8"?><record_update>
    <sys_documentation element="" label="Config" language="en" table="x_325709_terraform_config">
        <sys_documentation action="INSERT_OR_UPDATE">
            <element/>
            <help/>
            <hint/>
            <label>Config</label>
            <language>en</language>
            <name>x_325709_terraform_config</name>
            <plural>Configs</plural>
            <sys_class_name>sys_documentation</sys_class_name>
            <sys_created_by>admin</sys_created_by>
            <sys_created_on>2019-05-10 15:45:08</sys_created_on>
            <sys_id>ee384906db520010e2e5f7af299619c5</sys_id>
            <sys_mod_count>0</sys_mod_count>
            <sys_name>Config</sys_name>
            <sys_package display_value="Terraform" source="x_325709_terraform">a3f7fe62dbe033009ba2f8fdbf96192a</sys_package>
            <sys_policy/>
            <sys_scope display_value="Terraform">a3f7fe62dbe033009ba2f8fdbf96192a</sys_scope>
            <sys_update_name>sys_documentation_x_325709_terraform_config__en</sys_update_name>
            <sys_updated_by>admin</sys_updated_by>
            <sys_updated_on>2019-05-10 15:45:08</sys_updated_on>
            <url/>
            <url_target/>
        </sys_documentation>
    </sys_documentation>
</record_update>
