<?xml version="1.0" encoding="UTF-8"?><record_update table="sys_rest_message_fn_parameters">
    <sys_rest_message_fn_parameters action="INSERT_OR_UPDATE">
        <name>run_id</name>
        <rest_message_function display_value="Get Run">d91b3b42dbf03300e16e58b3ca96197b</rest_message_function>
        <sys_class_name>sys_rest_message_fn_parameters</sys_class_name>
        <sys_created_by>admin</sys_created_by>
        <sys_created_on>2019-04-15 21:00:26</sys_created_on>
        <sys_id>803bf306dbf03300e16e58b3ca961988</sys_id>
        <sys_mod_count>0</sys_mod_count>
        <sys_name>run_id</sys_name>
        <sys_package display_value="Terraform" source="x_325709_terraform">a3f7fe62dbe033009ba2f8fdbf96192a</sys_package>
        <sys_policy/>
        <sys_scope display_value="Terraform">a3f7fe62dbe033009ba2f8fdbf96192a</sys_scope>
        <sys_update_name>sys_rest_message_fn_parameters_803bf306dbf03300e16e58b3ca961988</sys_update_name>
        <sys_updated_by>admin</sys_updated_by>
        <sys_updated_on>2019-04-15 21:00:26</sys_updated_on>
        <type>string</type>
        <value>run-WT9rn3NEeWNjj6yz</value>
    </sys_rest_message_fn_parameters>
</record_update>
