<?xml version="1.0" encoding="UTF-8"?><record_update sys_domain="global" table="sys_app_module">
    <sys_app_module action="INSERT_OR_UPDATE">
        <active>true</active>
        <application display_value="Terraform">c22fb0a0db703300e16e58b3ca9619e9</application>
        <assessment/>
        <content_page/>
        <device_type/>
        <filter/>
        <hint/>
        <homepage/>
        <image/>
        <link_type>LIST</link_type>
        <map_page/>
        <mobile_title>VCS Repositories</mobile_title>
        <mobile_view_name>Mobile</mobile_view_name>
        <name>x_325709_terraform_vcs_repositories</name>
        <order/>
        <override_menu_roles>false</override_menu_roles>
        <query/>
        <report/>
        <roles>x_325709_terraform.vcs_repositories_user</roles>
        <sys_class_name>sys_app_module</sys_class_name>
        <sys_created_by>admin</sys_created_by>
        <sys_created_on>2019-04-19 18:55:30</sys_created_on>
        <sys_domain>global</sys_domain>
        <sys_domain_path>/</sys_domain_path>
        <sys_id>fb1584a7dbb03300e16e58b3ca96197c</sys_id>
        <sys_mod_count>1</sys_mod_count>
        <sys_name>VCS Repositories</sys_name>
        <sys_overrides/>
        <sys_package display_value="Terraform" source="x_325709_terraform">a3f7fe62dbe033009ba2f8fdbf96192a</sys_package>
        <sys_policy/>
        <sys_scope display_value="Terraform">a3f7fe62dbe033009ba2f8fdbf96192a</sys_scope>
        <sys_update_name>sys_app_module_fb1584a7dbb03300e16e58b3ca96197c</sys_update_name>
        <sys_updated_by>admin</sys_updated_by>
        <sys_updated_on>2019-04-19 20:19:22</sys_updated_on>
        <timeline_page/>
        <title>VCS Repositories</title>
        <uncancelable>false</uncancelable>
        <view_name/>
        <window_name/>
    </sys_app_module>
</record_update>
