<?xml version="1.0" encoding="UTF-8"?><record_update table="sys_rest_message_headers">
    <sys_rest_message_headers action="INSERT_OR_UPDATE">
        <name>Content-Type</name>
        <rest_message display_value="TF Workspaces">d878faa2dbe033009ba2f8fdbf9619e6</rest_message>
        <sys_class_name>sys_rest_message_headers</sys_class_name>
        <sys_created_by>admin</sys_created_by>
        <sys_created_on>2019-04-04 19:11:20</sys_created_on>
        <sys_id>6db8baa2dbe033009ba2f8fdbf961918</sys_id>
        <sys_mod_count>1</sys_mod_count>
        <sys_name>Content-Type</sys_name>
        <sys_package display_value="Terraform" source="x_325709_terraform">a3f7fe62dbe033009ba2f8fdbf96192a</sys_package>
        <sys_policy/>
        <sys_scope display_value="Terraform">a3f7fe62dbe033009ba2f8fdbf96192a</sys_scope>
        <sys_update_name>sys_rest_message_headers_6db8baa2dbe033009ba2f8fdbf961918</sys_update_name>
        <sys_updated_by>admin</sys_updated_by>
        <sys_updated_on>2019-04-04 19:15:03</sys_updated_on>
        <value>application/vnd.api+json</value>
    </sys_rest_message_headers>
</record_update>
