<?xml version="1.0" encoding="UTF-8"?><record_update table="sys_rest_message_fn">
    <sys_rest_message_fn action="INSERT_OR_UPDATE">
        <authentication_type>inherit_from_parent</authentication_type>
        <basic_auth_password/>
        <basic_auth_profile/>
        <basic_auth_user>admin</basic_auth_user>
        <content/>
        <function_name>Get Current Outputs</function_name>
        <http_method>get</http_method>
        <lock>false</lock>
        <oauth2_profile/>
        <protocol_name/>
        <qualified_name>TF Workspaces [ Get Current Outputs ]</qualified_name>
        <rest_endpoint>${hostname}/api/v2/workspaces/${workspace_id}/current-state-version?include=outputs</rest_endpoint>
        <rest_message display_value="TF Workspaces">d878faa2dbe033009ba2f8fdbf9619e6</rest_message>
        <sys_class_name>sys_rest_message_fn</sys_class_name>
        <sys_created_by>admin</sys_created_by>
        <sys_created_on>2019-06-20 21:19:00</sys_created_on>
        <sys_id>fd787357db82330019899b81ca961906</sys_id>
        <sys_mod_count>0</sys_mod_count>
        <sys_name>Get Current Outputs</sys_name>
        <sys_package display_value="Terraform" source="x_325709_terraform">a3f7fe62dbe033009ba2f8fdbf96192a</sys_package>
        <sys_policy/>
        <sys_scope display_value="Terraform">a3f7fe62dbe033009ba2f8fdbf96192a</sys_scope>
        <sys_update_name>sys_rest_message_fn_fd787357db82330019899b81ca961906</sys_update_name>
        <sys_updated_by>admin</sys_updated_by>
        <sys_updated_on>2019-06-20 21:19:00</sys_updated_on>
        <use_basic_auth>false</use_basic_auth>
        <use_mid_server/>
        <use_mutual_auth>false</use_mutual_auth>
    </sys_rest_message_fn>
</record_update>
