<?xml version="1.0" encoding="UTF-8"?><record_update table="sys_rest_message_fn_parameters">
    <sys_rest_message_fn_parameters action="INSERT_OR_UPDATE">
        <name>hostname</name>
        <rest_message_function display_value="Show Workspace">111c368edb303300e16e58b3ca96197c</rest_message_function>
        <sys_class_name>sys_rest_message_fn_parameters</sys_class_name>
        <sys_created_by>admin</sys_created_by>
        <sys_created_on>2019-04-18 20:18:44</sys_created_on>
        <sys_id>d68e8787dbf03300e16e58b3ca961998</sys_id>
        <sys_mod_count>0</sys_mod_count>
        <sys_name>hostname</sys_name>
        <sys_package display_value="Terraform" source="x_325709_terraform">a3f7fe62dbe033009ba2f8fdbf96192a</sys_package>
        <sys_policy/>
        <sys_scope display_value="Terraform">a3f7fe62dbe033009ba2f8fdbf96192a</sys_scope>
        <sys_update_name>sys_rest_message_fn_parameters_d68e8787dbf03300e16e58b3ca961998</sys_update_name>
        <sys_updated_by>admin</sys_updated_by>
        <sys_updated_on>2019-04-18 20:18:44</sys_updated_on>
        <type>string</type>
        <value>https://staging-app.terraform.io</value>
    </sys_rest_message_fn_parameters>
</record_update>
