<?xml version="1.0" encoding="UTF-8"?><record_update>
    <sys_ui_form_sections form_id="81b9cc6bdbb03300e16e58b3ca96192d" sys_domain="global" table="x_325709_terraform_vcs_repositories" version="3">
        <sys_ui_form_section action="INSERT_OR_UPDATE">
            <position>0</position>
            <sys_created_by>admin</sys_created_by>
            <sys_created_on>2019-04-19 19:15:31</sys_created_on>
            <sys_domain>global</sys_domain>
            <sys_domain_path>/</sys_domain_path>
            <sys_id>85b9cc6bdbb03300e16e58b3ca96192f</sys_id>
            <sys_mod_count>0</sys_mod_count>
            <sys_overrides/>
            <sys_ui_form display_value="x_325709_terraform_vcs_repositories" name="x_325709_terraform_vcs_repositories" sys_domain="global" view="Default view">81b9cc6bdbb03300e16e58b3ca96192d</sys_ui_form>
            <sys_ui_section caption="NULL" display_value="" name="x_325709_terraform_vcs_repositories" sys_domain="global" view="Default view">00a8046bdbb03300e16e58b3ca961984</sys_ui_section>
            <sys_updated_by>admin</sys_updated_by>
            <sys_updated_on>2019-04-19 19:15:31</sys_updated_on>
        </sys_ui_form_section>
        <sys_ui_form_section action="INSERT_OR_UPDATE">
            <position>1</position>
            <sys_created_by>admin</sys_created_by>
            <sys_created_on>2019-04-19 19:15:31</sys_created_on>
            <sys_domain>global</sys_domain>
            <sys_domain_path>/</sys_domain_path>
            <sys_id>c9b9cc6bdbb03300e16e58b3ca9619ea</sys_id>
            <sys_mod_count>0</sys_mod_count>
            <sys_overrides/>
            <sys_ui_form display_value="x_325709_terraform_vcs_repositories" name="x_325709_terraform_vcs_repositories" sys_domain="global" view="Default view">81b9cc6bdbb03300e16e58b3ca96192d</sys_ui_form>
            <sys_ui_section caption="Optional Attributes" display_value="Optional Attributes" name="x_325709_terraform_vcs_repositories" sys_domain="global" view="Default view">8db9cc6bdbb03300e16e58b3ca96192b</sys_ui_section>
            <sys_updated_by>admin</sys_updated_by>
            <sys_updated_on>2019-04-19 19:15:31</sys_updated_on>
        </sys_ui_form_section>
        <sys_ui_form action="INSERT_OR_UPDATE">
            <name>x_325709_terraform_vcs_repositories</name>
            <roles/>
            <sys_class_name>sys_ui_form</sys_class_name>
            <sys_created_by>admin</sys_created_by>
            <sys_created_on>2019-04-19 19:15:31</sys_created_on>
            <sys_domain>global</sys_domain>
            <sys_domain_path>/</sys_domain_path>
            <sys_id>81b9cc6bdbb03300e16e58b3ca96192d</sys_id>
            <sys_mod_count>0</sys_mod_count>
            <sys_name>x_325709_terraform_vcs_repositories</sys_name>
            <sys_overrides/>
            <sys_package display_value="Terraform" source="x_325709_terraform">a3f7fe62dbe033009ba2f8fdbf96192a</sys_package>
            <sys_policy/>
            <sys_scope display_value="Terraform">a3f7fe62dbe033009ba2f8fdbf96192a</sys_scope>
            <sys_update_name>sys_ui_form_sections_81b9cc6bdbb03300e16e58b3ca96192d</sys_update_name>
            <sys_updated_by>admin</sys_updated_by>
            <sys_updated_on>2019-04-19 19:15:31</sys_updated_on>
            <sys_user/>
            <view display_value="Default view" name="NULL">Default view</view>
            <view_name/>
        </sys_ui_form>
    </sys_ui_form_sections>
</record_update>
