<?xml version="1.0" encoding="UTF-8"?><record_update table="sys_rest_message_fn_parameters">
    <sys_rest_message_fn_parameters action="INSERT_OR_UPDATE">
        <name>api_team_token</name>
        <rest_message_function display_value="Apply Run">d4a98c31dbc13300e16e58b3ca9619cd</rest_message_function>
        <sys_class_name>sys_rest_message_fn_parameters</sys_class_name>
        <sys_created_by>admin</sys_created_by>
        <sys_created_on>2019-04-26 19:02:10</sys_created_on>
        <sys_id>43b98871dbc13300e16e58b3ca96193e</sys_id>
        <sys_mod_count>0</sys_mod_count>
        <sys_name>api_team_token</sys_name>
        <sys_package display_value="Terraform" source="x_325709_terraform">a3f7fe62dbe033009ba2f8fdbf96192a</sys_package>
        <sys_policy/>
        <sys_scope display_value="Terraform">a3f7fe62dbe033009ba2f8fdbf96192a</sys_scope>
        <sys_update_name>sys_rest_message_fn_parameters_43b98871dbc13300e16e58b3ca96193e</sys_update_name>
        <sys_updated_by>admin</sys_updated_by>
        <sys_updated_on>2019-04-26 19:02:10</sys_updated_on>
        <type>string</type>
        <value/>
    </sys_rest_message_fn_parameters>
</record_update>
