<?xml version="1.0" encoding="UTF-8"?><record_update table="sys_rest_message_fn">
    <sys_rest_message_fn action="INSERT_OR_UPDATE">
        <authentication_type>inherit_from_parent</authentication_type>
        <basic_auth_password/>
        <basic_auth_profile/>
        <basic_auth_user/>
        <content/>
        <function_name>Delete Workspace</function_name>
        <http_method>delete</http_method>
        <lock>false</lock>
        <oauth2_profile/>
        <protocol_name/>
        <qualified_name>TF Workspaces [ Delete Workspace ]</qualified_name>
        <rest_endpoint>${hostname}/api/v2/organizations/${org_name}/workspaces/${workspace_name}</rest_endpoint>
        <rest_message display_value="TF Workspaces">d878faa2dbe033009ba2f8fdbf9619e6</rest_message>
        <sys_class_name>sys_rest_message_fn</sys_class_name>
        <sys_created_by>admin</sys_created_by>
        <sys_created_on>2019-11-08 19:25:01</sys_created_on>
        <sys_id>3b86e1f82fc10010a34fc886f699b6bd</sys_id>
        <sys_mod_count>1</sys_mod_count>
        <sys_name>Delete Workspace</sys_name>
        <sys_package display_value="Terraform" source="x_325709_terraform">a3f7fe62dbe033009ba2f8fdbf96192a</sys_package>
        <sys_policy/>
        <sys_scope display_value="Terraform">a3f7fe62dbe033009ba2f8fdbf96192a</sys_scope>
        <sys_update_name>sys_rest_message_fn_3b86e1f82fc10010a34fc886f699b6bd</sys_update_name>
        <sys_updated_by>admin</sys_updated_by>
        <sys_updated_on>2019-11-08 19:26:31</sys_updated_on>
        <use_basic_auth>false</use_basic_auth>
        <use_mid_server/>
        <use_mutual_auth>false</use_mutual_auth>
    </sys_rest_message_fn>
</record_update>
