<?xml version="1.0" encoding="UTF-8"?><record_update table="sys_security_acl_role">
    <sys_security_acl_role action="INSERT_OR_UPDATE">
        <sys_class_name>sys_security_acl_role</sys_class_name>
        <sys_created_by>admin</sys_created_by>
        <sys_created_on>2019-05-10 15:45:08</sys_created_on>
        <sys_id>08f2e74adb113300e16e58b3ca96194a</sys_id>
        <sys_mod_count>0</sys_mod_count>
        <sys_name>x_325709_terraform_config.x_325709_terraform.config_user</sys_name>
        <sys_package display_value="Terraform" source="x_325709_terraform">a3f7fe62dbe033009ba2f8fdbf96192a</sys_package>
        <sys_policy/>
        <sys_scope display_value="Terraform">a3f7fe62dbe033009ba2f8fdbf96192a</sys_scope>
        <sys_security_acl display_value="x_325709_terraform_config">08f2e74adb113300e16e58b3ca961922</sys_security_acl>
        <sys_update_name>sys_security_acl_role_08f2e74adb113300e16e58b3ca96194a</sys_update_name>
        <sys_updated_by>admin</sys_updated_by>
        <sys_updated_on>2019-05-10 15:45:08</sys_updated_on>
        <sys_user_role display_value="x_325709_terraform.config_user" name="x_325709_terraform.config_user">33e2a34adb113300e16e58b3ca9619ed</sys_user_role>
        <transaction_id/>
    </sys_security_acl_role>
</record_update>
