<?xml version="1.0" encoding="UTF-8"?><record_update table="sys_rest_message_fn_parameters">
    <sys_rest_message_fn_parameters action="INSERT_OR_UPDATE">
        <name>api_team_token</name>
        <rest_message_function display_value="Create Workspace">e5e8faa2dbe033009ba2f8fdbf9619b0</rest_message_function>
        <sys_class_name>sys_rest_message_fn_parameters</sys_class_name>
        <sys_created_by>admin</sys_created_by>
        <sys_created_on>2019-04-18 20:16:32</sys_created_on>
        <sys_id>4f0e4387dbf03300e16e58b3ca9619ff</sys_id>
        <sys_mod_count>4</sys_mod_count>
        <sys_name>api_team_token</sys_name>
        <sys_package display_value="Terraform" source="x_325709_terraform">a3f7fe62dbe033009ba2f8fdbf96192a</sys_package>
        <sys_policy/>
        <sys_scope display_value="Terraform">a3f7fe62dbe033009ba2f8fdbf96192a</sys_scope>
        <sys_update_name>sys_rest_message_fn_parameters_4f0e4387dbf03300e16e58b3ca9619ff</sys_update_name>
        <sys_updated_by>admin</sys_updated_by>
        <sys_updated_on>2019-04-24 16:40:18</sys_updated_on>
        <type>string</type>
        <value>YOUR_API_TOKEN</value>
    </sys_rest_message_fn_parameters>
</record_update>
