<?xml version="1.0" encoding="UTF-8"?><record_update>
    <sys_ui_list parent="" relationship="" sys_domain="global" table="x_325709_terraform_vcs_repositories" version="2" view="">
        <sys_ui_list_element action="INSERT_OR_UPDATE">
            <average_value>false</average_value>
            <element>name</element>
            <list_id display_value="x_325709_terraform_vcs_repositories" element="NULL" name="x_325709_terraform_vcs_repositories" parent="NULL" relationship="NULL" sys_domain="global" view="Default view">bfea4cabdbb03300e16e58b3ca96196d</list_id>
            <max_value>false</max_value>
            <min_value>false</min_value>
            <position>0</position>
            <sum>false</sum>
            <sys_created_by>admin</sys_created_by>
            <sys_created_on>2019-04-19 19:20:54</sys_created_on>
            <sys_id>7fea4cabdbb03300e16e58b3ca96196e</sys_id>
            <sys_mod_count>0</sys_mod_count>
            <sys_updated_by>admin</sys_updated_by>
            <sys_updated_on>2019-04-19 19:20:54</sys_updated_on>
        </sys_ui_list_element>
        <sys_ui_list_element action="INSERT_OR_UPDATE">
            <average_value>false</average_value>
            <element>branch</element>
            <list_id display_value="x_325709_terraform_vcs_repositories" element="NULL" name="x_325709_terraform_vcs_repositories" parent="NULL" relationship="NULL" sys_domain="global" view="Default view">bfea4cabdbb03300e16e58b3ca96196d</list_id>
            <max_value>false</max_value>
            <min_value>false</min_value>
            <position>1</position>
            <sum>false</sum>
            <sys_created_by>admin</sys_created_by>
            <sys_created_on>2019-04-19 19:20:54</sys_created_on>
            <sys_id>77ea4cabdbb03300e16e58b3ca96196f</sys_id>
            <sys_mod_count>0</sys_mod_count>
            <sys_updated_by>admin</sys_updated_by>
            <sys_updated_on>2019-04-19 19:20:54</sys_updated_on>
        </sys_ui_list_element>
        <sys_ui_list_element action="INSERT_OR_UPDATE">
            <average_value>false</average_value>
            <element>default_branch</element>
            <list_id display_value="x_325709_terraform_vcs_repositories" element="NULL" name="x_325709_terraform_vcs_repositories" parent="NULL" relationship="NULL" sys_domain="global" view="Default view">bfea4cabdbb03300e16e58b3ca96196d</list_id>
            <max_value>false</max_value>
            <min_value>false</min_value>
            <position>2</position>
            <sum>false</sum>
            <sys_created_by>admin</sys_created_by>
            <sys_created_on>2019-04-19 19:20:54</sys_created_on>
            <sys_id>f7ea4cabdbb03300e16e58b3ca96196f</sys_id>
            <sys_mod_count>0</sys_mod_count>
            <sys_updated_by>admin</sys_updated_by>
            <sys_updated_on>2019-04-19 19:20:54</sys_updated_on>
        </sys_ui_list_element>
        <sys_ui_list_element action="INSERT_OR_UPDATE">
            <average_value>false</average_value>
            <element>identifier</element>
            <list_id display_value="x_325709_terraform_vcs_repositories" element="NULL" name="x_325709_terraform_vcs_repositories" parent="NULL" relationship="NULL" sys_domain="global" view="Default view">bfea4cabdbb03300e16e58b3ca96196d</list_id>
            <max_value>false</max_value>
            <min_value>false</min_value>
            <position>3</position>
            <sum>false</sum>
            <sys_created_by>admin</sys_created_by>
            <sys_created_on>2019-04-19 19:20:54</sys_created_on>
            <sys_id>7bea4cabdbb03300e16e58b3ca96196f</sys_id>
            <sys_mod_count>0</sys_mod_count>
            <sys_updated_by>admin</sys_updated_by>
            <sys_updated_on>2019-04-19 19:20:54</sys_updated_on>
        </sys_ui_list_element>
        <sys_ui_list_element action="INSERT_OR_UPDATE">
            <average_value>false</average_value>
            <element>oauth_token_id</element>
            <list_id display_value="x_325709_terraform_vcs_repositories" element="NULL" name="x_325709_terraform_vcs_repositories" parent="NULL" relationship="NULL" sys_domain="global" view="Default view">bfea4cabdbb03300e16e58b3ca96196d</list_id>
            <max_value>false</max_value>
            <min_value>false</min_value>
            <position>4</position>
            <sum>false</sum>
            <sys_created_by>admin</sys_created_by>
            <sys_created_on>2019-04-19 19:20:54</sys_created_on>
            <sys_id>fbea4cabdbb03300e16e58b3ca96196f</sys_id>
            <sys_mod_count>0</sys_mod_count>
            <sys_updated_by>admin</sys_updated_by>
            <sys_updated_on>2019-04-19 19:20:54</sys_updated_on>
        </sys_ui_list_element>
        <sys_ui_list_element action="INSERT_OR_UPDATE">
            <average_value>false</average_value>
            <element>terraform_version</element>
            <list_id display_value="x_325709_terraform_vcs_repositories" element="NULL" name="x_325709_terraform_vcs_repositories" parent="NULL" relationship="NULL" sys_domain="global" view="Default view">bfea4cabdbb03300e16e58b3ca96196d</list_id>
            <max_value>false</max_value>
            <min_value>false</min_value>
            <position>5</position>
            <sum>false</sum>
            <sys_created_by>admin</sys_created_by>
            <sys_created_on>2019-04-19 19:20:54</sys_created_on>
            <sys_id>7fea4cabdbb03300e16e58b3ca96196f</sys_id>
            <sys_mod_count>0</sys_mod_count>
            <sys_updated_by>admin</sys_updated_by>
            <sys_updated_on>2019-04-19 19:20:54</sys_updated_on>
        </sys_ui_list_element>
        <sys_ui_list_element action="INSERT_OR_UPDATE">
            <average_value>false</average_value>
            <element>working_directory</element>
            <list_id display_value="x_325709_terraform_vcs_repositories" element="NULL" name="x_325709_terraform_vcs_repositories" parent="NULL" relationship="NULL" sys_domain="global" view="Default view">bfea4cabdbb03300e16e58b3ca96196d</list_id>
            <max_value>false</max_value>
            <min_value>false</min_value>
            <position>6</position>
            <sum>false</sum>
            <sys_created_by>admin</sys_created_by>
            <sys_created_on>2019-04-19 19:20:54</sys_created_on>
            <sys_id>ffea4cabdbb03300e16e58b3ca96196f</sys_id>
            <sys_mod_count>0</sys_mod_count>
            <sys_updated_by>admin</sys_updated_by>
            <sys_updated_on>2019-04-19 19:20:54</sys_updated_on>
        </sys_ui_list_element>
        <sys_ui_list action="INSERT_OR_UPDATE">
            <average_value>false</average_value>
            <element/>
            <max_value>false</max_value>
            <min_value>false</min_value>
            <name>x_325709_terraform_vcs_repositories</name>
            <parent/>
            <position/>
            <relationship/>
            <sum>false</sum>
            <sys_class_name>sys_ui_list</sys_class_name>
            <sys_created_by>admin</sys_created_by>
            <sys_created_on>2019-04-19 19:20:54</sys_created_on>
            <sys_domain>global</sys_domain>
            <sys_domain_path>/</sys_domain_path>
            <sys_id>bfea4cabdbb03300e16e58b3ca96196d</sys_id>
            <sys_mod_count>0</sys_mod_count>
            <sys_name>x_325709_terraform_vcs_repositories</sys_name>
            <sys_package display_value="Terraform" source="x_325709_terraform">a3f7fe62dbe033009ba2f8fdbf96192a</sys_package>
            <sys_policy/>
            <sys_scope display_value="Terraform">a3f7fe62dbe033009ba2f8fdbf96192a</sys_scope>
            <sys_update_name>sys_ui_list_x_325709_terraform_vcs_repositories_null</sys_update_name>
            <sys_updated_by>admin</sys_updated_by>
            <sys_updated_on>2019-04-19 19:20:54</sys_updated_on>
            <sys_user/>
            <view display_value="Default view" name="NULL">Default view</view>
            <view_name/>
        </sys_ui_list>
    </sys_ui_list>
</record_update>
