<?xml version="1.0" encoding="UTF-8"?><record_update table="sys_rest_message_fn">
    <sys_rest_message_fn action="INSERT_OR_UPDATE">
        <authentication_type>inherit_from_parent</authentication_type>
        <basic_auth_password/>
        <basic_auth_profile/>
        <basic_auth_user/>
        <content/>
        <function_name>Get Run</function_name>
        <http_method>get</http_method>
        <lock>false</lock>
        <oauth2_profile/>
        <protocol_name/>
        <qualified_name>TF Runs [ Get Run ]</qualified_name>
        <rest_endpoint>${hostname}/api/v2/runs/${run_id}</rest_endpoint>
        <rest_message display_value="TF Runs">7b988c4fdbe03300e16e58b3ca9619ac</rest_message>
        <sys_class_name>sys_rest_message_fn</sys_class_name>
        <sys_created_by>admin</sys_created_by>
        <sys_created_on>2019-04-15 20:59:39</sys_created_on>
        <sys_id>d91b3b42dbf03300e16e58b3ca96197b</sys_id>
        <sys_mod_count>4</sys_mod_count>
        <sys_name>Get Run</sys_name>
        <sys_package display_value="Terraform" source="x_325709_terraform">a3f7fe62dbe033009ba2f8fdbf96192a</sys_package>
        <sys_policy/>
        <sys_scope display_value="Terraform">a3f7fe62dbe033009ba2f8fdbf96192a</sys_scope>
        <sys_update_name>sys_rest_message_fn_d91b3b42dbf03300e16e58b3ca96197b</sys_update_name>
        <sys_updated_by>admin</sys_updated_by>
        <sys_updated_on>2019-04-24 21:08:49</sys_updated_on>
        <use_basic_auth>false</use_basic_auth>
        <use_mid_server/>
        <use_mutual_auth>false</use_mutual_auth>
    </sys_rest_message_fn>
</record_update>
