<?xml version="1.0" encoding="UTF-8"?><record_update>
    <sys_ui_section caption="" section_id="63556fcadb113300e16e58b3ca961958" sys_domain="global" table="x_325709_terraform_config" version="3" view="">
        <sys_ui_element action="INSERT_OR_UPDATE">
            <element>api_team_token</element>
            <position>0</position>
            <sys_created_by>admin</sys_created_by>
            <sys_created_on>2019-05-10 15:55:46</sys_created_on>
            <sys_id>3b556fcadb113300e16e58b3ca96195e</sys_id>
            <sys_mod_count>0</sys_mod_count>
            <sys_ui_formatter/>
            <sys_ui_section caption="NULL" display_value="" name="x_325709_terraform_config" sys_domain="global" view="Default view">63556fcadb113300e16e58b3ca961958</sys_ui_section>
            <sys_updated_by>admin</sys_updated_by>
            <sys_updated_on>2019-05-10 15:55:46</sys_updated_on>
            <sys_user/>
            <type/>
        </sys_ui_element>
        <sys_ui_element action="INSERT_OR_UPDATE">
            <element>hostname</element>
            <position>1</position>
            <sys_created_by>admin</sys_created_by>
            <sys_created_on>2019-05-10 15:55:46</sys_created_on>
            <sys_id>33556fcadb113300e16e58b3ca96195f</sys_id>
            <sys_mod_count>0</sys_mod_count>
            <sys_ui_formatter/>
            <sys_ui_section caption="NULL" display_value="" name="x_325709_terraform_config" sys_domain="global" view="Default view">63556fcadb113300e16e58b3ca961958</sys_ui_section>
            <sys_updated_by>admin</sys_updated_by>
            <sys_updated_on>2019-05-10 15:55:46</sys_updated_on>
            <sys_user/>
            <type/>
        </sys_ui_element>
        <sys_ui_element action="INSERT_OR_UPDATE">
            <element>org_name</element>
            <position>2</position>
            <sys_created_by>admin</sys_created_by>
            <sys_created_on>2019-05-10 15:55:46</sys_created_on>
            <sys_id>b3556fcadb113300e16e58b3ca96195f</sys_id>
            <sys_mod_count>0</sys_mod_count>
            <sys_ui_formatter/>
            <sys_ui_section caption="NULL" display_value="" name="x_325709_terraform_config" sys_domain="global" view="Default view">63556fcadb113300e16e58b3ca961958</sys_ui_section>
            <sys_updated_by>admin</sys_updated_by>
            <sys_updated_on>2019-05-10 15:55:46</sys_updated_on>
            <sys_user/>
            <type/>
        </sys_ui_element>
        <sys_ui_section action="INSERT_OR_UPDATE">
            <caption/>
            <header>false</header>
            <name>x_325709_terraform_config</name>
            <roles/>
            <sys_class_name>sys_ui_section</sys_class_name>
            <sys_created_by>admin</sys_created_by>
            <sys_created_on>2019-05-10 15:55:45</sys_created_on>
            <sys_domain>global</sys_domain>
            <sys_domain_path>/</sys_domain_path>
            <sys_id>63556fcadb113300e16e58b3ca961958</sys_id>
            <sys_mod_count>0</sys_mod_count>
            <sys_name>x_325709_terraform_config</sys_name>
            <sys_overrides/>
            <sys_package display_value="Terraform" source="x_325709_terraform">a3f7fe62dbe033009ba2f8fdbf96192a</sys_package>
            <sys_policy/>
            <sys_scope display_value="Terraform">a3f7fe62dbe033009ba2f8fdbf96192a</sys_scope>
            <sys_update_name>sys_ui_section_63556fcadb113300e16e58b3ca961958</sys_update_name>
            <sys_updated_by>admin</sys_updated_by>
            <sys_updated_on>2019-05-10 15:55:45</sys_updated_on>
            <sys_user/>
            <title>true</title>
            <view display_value="Default view" name="NULL">Default view</view>
            <view_name/>
        </sys_ui_section>
    </sys_ui_section>
</record_update>
