<?xml version="1.0" encoding="UTF-8"?><record_update table="sys_security_acl">
    <sys_security_acl action="INSERT_OR_UPDATE">
        <active>true</active>
        <admin_overrides>true</admin_overrides>
        <advanced>false</advanced>
        <condition/>
        <description>Default access control on x_325709_terraform_vcs_repositories</description>
        <name>x_325709_terraform_vcs_repositories</name>
        <operation display_value="write">write</operation>
        <script/>
        <sys_class_name>sys_security_acl</sys_class_name>
        <sys_created_by>admin</sys_created_by>
        <sys_created_on>2019-04-19 18:55:30</sys_created_on>
        <sys_id>3f1584a7dbb03300e16e58b3ca96198e</sys_id>
        <sys_mod_count>0</sys_mod_count>
        <sys_name>x_325709_terraform_vcs_repositories</sys_name>
        <sys_package display_value="Terraform" source="x_325709_terraform">a3f7fe62dbe033009ba2f8fdbf96192a</sys_package>
        <sys_policy/>
        <sys_scope display_value="Terraform">a3f7fe62dbe033009ba2f8fdbf96192a</sys_scope>
        <sys_update_name>sys_security_acl_3f1584a7dbb03300e16e58b3ca96198e</sys_update_name>
        <sys_updated_by>admin</sys_updated_by>
        <sys_updated_on>2019-04-19 18:55:30</sys_updated_on>
        <type display_value="record">record</type>
    </sys_security_acl>
</record_update>
