<?xml version="1.0" encoding="UTF-8"?><record_update table="sys_properties">
    <sys_properties action="INSERT_OR_UPDATE">
        <choices/>
        <description>Terraform Enterprise API Team Token</description>
        <ignore_cache>false</ignore_cache>
        <is_private>false</is_private>
        <name>x_325709_terraform.api_team_token</name>
        <read_roles/>
        <suffix>api_team_token</suffix>
        <sys_class_name>sys_properties</sys_class_name>
        <sys_created_by>admin</sys_created_by>
        <sys_created_on>2019-04-04 19:37:30</sys_created_on>
        <sys_id>40de7a2adbe033009ba2f8fdbf96195d</sys_id>
        <sys_mod_count>13</sys_mod_count>
        <sys_name>x_325709_terraform.api_team_token</sys_name>
        <sys_package display_value="Terraform" source="x_325709_terraform">a3f7fe62dbe033009ba2f8fdbf96192a</sys_package>
        <sys_policy/>
        <sys_scope display_value="Terraform">a3f7fe62dbe033009ba2f8fdbf96192a</sys_scope>
        <sys_update_name>sys_properties_40de7a2adbe033009ba2f8fdbf96195d</sys_update_name>
        <sys_updated_by>admin</sys_updated_by>
        <sys_updated_on>2019-05-10 15:57:00</sys_updated_on>
        <type>string</type>
        <value/>
        <write_roles/>
    </sys_properties>
    <sys_translated_text action="delete_multiple" query="documentkey=40de7a2adbe033009ba2f8fdbf96195d"/>
</record_update>
