<?xml version="1.0" encoding="UTF-8"?><record_update>
    <sys_ui_list parent="" relationship="" sys_domain="global" table="x_325709_terraform_terraform" version="2" view="">
        <sys_ui_list_element action="INSERT_OR_UPDATE">
            <average_value>false</average_value>
            <element>requested_item</element>
            <list_id display_value="x_325709_terraform_terraform" element="NULL" name="x_325709_terraform_terraform" parent="NULL" relationship="NULL" sys_domain="global" view="Default view">63e1eee5db12330019899b81ca961951</list_id>
            <max_value>false</max_value>
            <min_value>false</min_value>
            <position>0</position>
            <sum>false</sum>
            <sys_created_by>admin</sys_created_by>
            <sys_created_on>2019-06-27 14:46:57</sys_created_on>
            <sys_id>23e1eee5db12330019899b81ca961952</sys_id>
            <sys_mod_count>0</sys_mod_count>
            <sys_updated_by>admin</sys_updated_by>
            <sys_updated_on>2019-06-27 14:46:57</sys_updated_on>
        </sys_ui_list_element>
        <sys_ui_list_element action="INSERT_OR_UPDATE">
            <average_value>false</average_value>
            <element>request</element>
            <list_id display_value="x_325709_terraform_terraform" element="NULL" name="x_325709_terraform_terraform" parent="NULL" relationship="NULL" sys_domain="global" view="Default view">63e1eee5db12330019899b81ca961951</list_id>
            <max_value>false</max_value>
            <min_value>false</min_value>
            <position>1</position>
            <sum>false</sum>
            <sys_created_by>admin</sys_created_by>
            <sys_created_on>2019-06-27 14:46:57</sys_created_on>
            <sys_id>e7e1eee5db12330019899b81ca961952</sys_id>
            <sys_mod_count>0</sys_mod_count>
            <sys_updated_by>admin</sys_updated_by>
            <sys_updated_on>2019-06-27 14:46:57</sys_updated_on>
        </sys_ui_list_element>
        <sys_ui_list_element action="INSERT_OR_UPDATE">
            <average_value>false</average_value>
            <element>tfe_action_type</element>
            <list_id display_value="x_325709_terraform_terraform" element="NULL" name="x_325709_terraform_terraform" parent="NULL" relationship="NULL" sys_domain="global" view="Default view">63e1eee5db12330019899b81ca961951</list_id>
            <max_value>false</max_value>
            <min_value>false</min_value>
            <position>2</position>
            <sum>false</sum>
            <sys_created_by>admin</sys_created_by>
            <sys_created_on>2019-06-27 14:46:57</sys_created_on>
            <sys_id>6be1eee5db12330019899b81ca961952</sys_id>
            <sys_mod_count>0</sys_mod_count>
            <sys_updated_by>admin</sys_updated_by>
            <sys_updated_on>2019-06-27 14:46:57</sys_updated_on>
        </sys_ui_list_element>
        <sys_ui_list_element action="INSERT_OR_UPDATE">
            <average_value>false</average_value>
            <element>tfe_workspace_url</element>
            <list_id display_value="x_325709_terraform_terraform" element="NULL" name="x_325709_terraform_terraform" parent="NULL" relationship="NULL" sys_domain="global" view="Default view">63e1eee5db12330019899b81ca961951</list_id>
            <max_value>false</max_value>
            <min_value>false</min_value>
            <position>3</position>
            <sum>false</sum>
            <sys_created_by>admin</sys_created_by>
            <sys_created_on>2019-06-27 14:46:57</sys_created_on>
            <sys_id>ebe1eee5db12330019899b81ca961952</sys_id>
            <sys_mod_count>0</sys_mod_count>
            <sys_updated_by>admin</sys_updated_by>
            <sys_updated_on>2019-06-27 14:46:57</sys_updated_on>
        </sys_ui_list_element>
        <sys_ui_list_element action="INSERT_OR_UPDATE">
            <average_value>false</average_value>
            <element>last_known_state</element>
            <list_id display_value="x_325709_terraform_terraform" element="NULL" name="x_325709_terraform_terraform" parent="NULL" relationship="NULL" sys_domain="global" view="Default view">63e1eee5db12330019899b81ca961951</list_id>
            <max_value>false</max_value>
            <min_value>false</min_value>
            <position>4</position>
            <sum>false</sum>
            <sys_created_by>admin</sys_created_by>
            <sys_created_on>2019-06-27 14:46:57</sys_created_on>
            <sys_id>6fe1eee5db12330019899b81ca961952</sys_id>
            <sys_mod_count>0</sys_mod_count>
            <sys_updated_by>admin</sys_updated_by>
            <sys_updated_on>2019-06-27 14:46:57</sys_updated_on>
        </sys_ui_list_element>
        <sys_ui_list_element action="INSERT_OR_UPDATE">
            <average_value>false</average_value>
            <element>sys_updated_on</element>
            <list_id display_value="x_325709_terraform_terraform" element="NULL" name="x_325709_terraform_terraform" parent="NULL" relationship="NULL" sys_domain="global" view="Default view">63e1eee5db12330019899b81ca961951</list_id>
            <max_value>false</max_value>
            <min_value>false</min_value>
            <position>5</position>
            <sum>false</sum>
            <sys_created_by>admin</sys_created_by>
            <sys_created_on>2019-06-27 14:46:57</sys_created_on>
            <sys_id>efe1eee5db12330019899b81ca961952</sys_id>
            <sys_mod_count>0</sys_mod_count>
            <sys_updated_by>admin</sys_updated_by>
            <sys_updated_on>2019-06-27 14:46:57</sys_updated_on>
        </sys_ui_list_element>
        <sys_ui_list action="INSERT_OR_UPDATE">
            <average_value>false</average_value>
            <element/>
            <max_value>false</max_value>
            <min_value>false</min_value>
            <name>x_325709_terraform_terraform</name>
            <parent/>
            <position/>
            <relationship/>
            <sum>false</sum>
            <sys_class_name>sys_ui_list</sys_class_name>
            <sys_created_by>admin</sys_created_by>
            <sys_created_on>2019-06-27 14:46:57</sys_created_on>
            <sys_domain>global</sys_domain>
            <sys_domain_path>/</sys_domain_path>
            <sys_id>63e1eee5db12330019899b81ca961951</sys_id>
            <sys_mod_count>0</sys_mod_count>
            <sys_name>x_325709_terraform_terraform</sys_name>
            <sys_package display_value="Terraform" source="x_325709_terraform">a3f7fe62dbe033009ba2f8fdbf96192a</sys_package>
            <sys_policy/>
            <sys_scope display_value="Terraform">a3f7fe62dbe033009ba2f8fdbf96192a</sys_scope>
            <sys_update_name>sys_ui_list_x_325709_terraform_terraform_null</sys_update_name>
            <sys_updated_by>admin</sys_updated_by>
            <sys_updated_on>2019-06-27 14:46:57</sys_updated_on>
            <sys_user/>
            <view display_value="Default view" name="NULL">Default view</view>
            <view_name/>
        </sys_ui_list>
    </sys_ui_list>
</record_update>
