<?xml version="1.0" encoding="UTF-8"?><record_update table="sys_rest_message_headers">
    <sys_rest_message_headers action="INSERT_OR_UPDATE">
        <name>Content-Type</name>
        <rest_message display_value="TF Variables">ee7c00eddbe13300e3d5d426ca96196e</rest_message>
        <sys_class_name>sys_rest_message_headers</sys_class_name>
        <sys_created_by>admin</sys_created_by>
        <sys_created_on>2019-05-20 21:08:36</sys_created_on>
        <sys_id>f3bc8c2ddbe13300e3d5d426ca9619cf</sys_id>
        <sys_mod_count>0</sys_mod_count>
        <sys_name>Content-Type</sys_name>
        <sys_package display_value="Terraform" source="x_325709_terraform">a3f7fe62dbe033009ba2f8fdbf96192a</sys_package>
        <sys_policy/>
        <sys_scope display_value="Terraform">a3f7fe62dbe033009ba2f8fdbf96192a</sys_scope>
        <sys_update_name>sys_rest_message_headers_f3bc8c2ddbe13300e3d5d426ca9619cf</sys_update_name>
        <sys_updated_by>admin</sys_updated_by>
        <sys_updated_on>2019-05-20 21:08:36</sys_updated_on>
        <value>application/vnd.api+json</value>
    </sys_rest_message_headers>
</record_update>
