<?xml version="1.0" encoding="UTF-8"?><record_update table="sys_security_acl_role">
    <sys_security_acl_role action="INSERT_OR_UPDATE">
        <sys_class_name>sys_security_acl_role</sys_class_name>
        <sys_created_by>admin</sys_created_by>
        <sys_created_on>2019-04-12 16:00:48</sys_created_on>
        <sys_id>d00a1f8ddb303300e16e58b3ca961968</sys_id>
        <sys_mod_count>0</sys_mod_count>
        <sys_name>x_325709_terraform_terraform.x_325709_terraform.terraform_user</sys_name>
        <sys_package display_value="Terraform" source="x_325709_terraform">a3f7fe62dbe033009ba2f8fdbf96192a</sys_package>
        <sys_policy/>
        <sys_scope display_value="Terraform">a3f7fe62dbe033009ba2f8fdbf96192a</sys_scope>
        <sys_security_acl display_value="x_325709_terraform_terraform">180a1f8ddb303300e16e58b3ca961965</sys_security_acl>
        <sys_update_name>sys_security_acl_role_d00a1f8ddb303300e16e58b3ca961968</sys_update_name>
        <sys_updated_by>admin</sys_updated_by>
        <sys_updated_on>2019-04-12 16:00:48</sys_updated_on>
        <sys_user_role display_value="x_325709_terraform.terraform_user" name="x_325709_terraform.terraform_user">ce2fb0a0db703300e16e58b3ca9619d6</sys_user_role>
        <transaction_id/>
    </sys_security_acl_role>
</record_update>
