<?xml version="1.0" encoding="UTF-8"?><record_update table="sys_scope_privilege">
    <sys_scope_privilege action="INSERT_OR_UPDATE">
        <operation>execute</operation>
        <source_scope display_value="Terraform">a3f7fe62dbe033009ba2f8fdbf96192a</source_scope>
        <status>allowed</status>
        <sys_class_name>sys_scope_privilege</sys_class_name>
        <sys_created_by>admin</sys_created_by>
        <sys_created_on>2019-04-15 21:11:16</sys_created_on>
        <sys_id>91ddf386dbf03300e16e58b3ca961926</sys_id>
        <sys_mod_count>0</sys_mod_count>
        <sys_name>WorkflowScheduler</sys_name>
        <sys_package display_value="Terraform" source="x_325709_terraform">a3f7fe62dbe033009ba2f8fdbf96192a</sys_package>
        <sys_policy/>
        <sys_scope display_value="Terraform">a3f7fe62dbe033009ba2f8fdbf96192a</sys_scope>
        <sys_update_name>sys_scope_privilege_91ddf386dbf03300e16e58b3ca961926</sys_update_name>
        <sys_updated_by>admin</sys_updated_by>
        <sys_updated_on>2019-04-15 21:11:16</sys_updated_on>
        <target_name>WorkflowScheduler</target_name>
        <target_scope display_value="Global">global</target_scope>
        <target_type>sys_script_include</target_type>
    </sys_scope_privilege>
</record_update>
