<?xml version="1.0" encoding="UTF-8"?><record_update table="sys_rest_message_fn">
    <sys_rest_message_fn action="INSERT_OR_UPDATE">
        <authentication_type>inherit_from_parent</authentication_type>
        <basic_auth_password/>
        <basic_auth_profile/>
        <basic_auth_user/>
        <content>{&#13;
  "data": {&#13;
    "type": "runs",&#13;
    "attributes": {&#13;
      "is-destroy": false,&#13;
      "message": "${message_content}"&#13;
    },&#13;
    "relationships": {&#13;
      "workspace": {&#13;
        "data": {&#13;
          "type": "workspaces",&#13;
          "id": "${workspace_id}"&#13;
        }&#13;
      }&#13;
    }&#13;
  }&#13;
}&#13;
</content>
        <function_name>Apply Run</function_name>
        <http_method>post</http_method>
        <lock>false</lock>
        <oauth2_profile/>
        <protocol_name/>
        <qualified_name>TF Runs [ Apply Run ]</qualified_name>
        <rest_endpoint>${hostname}/api/v2/runs/${run_id}/actions/apply</rest_endpoint>
        <rest_message display_value="TF Runs">7b988c4fdbe03300e16e58b3ca9619ac</rest_message>
        <sys_class_name>sys_rest_message_fn</sys_class_name>
        <sys_created_by>admin</sys_created_by>
        <sys_created_on>2019-04-26 19:01:56</sys_created_on>
        <sys_id>d4a98c31dbc13300e16e58b3ca9619cd</sys_id>
        <sys_mod_count>1</sys_mod_count>
        <sys_name>Apply Run</sys_name>
        <sys_package display_value="Terraform" source="x_325709_terraform">a3f7fe62dbe033009ba2f8fdbf96192a</sys_package>
        <sys_policy/>
        <sys_scope display_value="Terraform">a3f7fe62dbe033009ba2f8fdbf96192a</sys_scope>
        <sys_update_name>sys_rest_message_fn_d4a98c31dbc13300e16e58b3ca9619cd</sys_update_name>
        <sys_updated_by>admin</sys_updated_by>
        <sys_updated_on>2019-04-26 19:22:22</sys_updated_on>
        <use_basic_auth>false</use_basic_auth>
        <use_mid_server/>
        <use_mutual_auth>false</use_mutual_auth>
    </sys_rest_message_fn>
</record_update>
