<?xml version="1.0" encoding="UTF-8"?><record_update table="sys_properties">
    <sys_properties action="INSERT_OR_UPDATE">
        <choices/>
        <description>Terraform Enterprise Organization Name</description>
        <ignore_cache>false</ignore_cache>
        <is_private>false</is_private>
        <name>x_325709_terraform.org_name</name>
        <read_roles/>
        <suffix>org_name</suffix>
        <sys_class_name>sys_properties</sys_class_name>
        <sys_created_by>admin</sys_created_by>
        <sys_created_on>2019-04-04 19:25:16</sys_created_on>
        <sys_id>7eeb7e66dbe033009ba2f8fdbf961969</sys_id>
        <sys_mod_count>7</sys_mod_count>
        <sys_name>x_325709_terraform.org_name</sys_name>
        <sys_package display_value="Terraform" source="x_325709_terraform">a3f7fe62dbe033009ba2f8fdbf96192a</sys_package>
        <sys_policy/>
        <sys_scope display_value="Terraform">a3f7fe62dbe033009ba2f8fdbf96192a</sys_scope>
        <sys_update_name>sys_properties_7eeb7e66dbe033009ba2f8fdbf961969</sys_update_name>
        <sys_updated_by>admin</sys_updated_by>
        <sys_updated_on>2019-05-10 15:56:26</sys_updated_on>
        <type>string</type>
        <value/>
        <write_roles/>
    </sys_properties>
    <sys_translated_text action="delete_multiple" query="documentkey=7eeb7e66dbe033009ba2f8fdbf961969"/>
</record_update>
