<?xml version="1.0" encoding="UTF-8"?><record_update table="sys_rest_message_fn_parameters">
    <sys_rest_message_fn_parameters action="INSERT_OR_UPDATE">
        <name>api_team_token</name>
        <rest_message_function display_value="Create Run">4a19c08fdbe03300e16e58b3ca961996</rest_message_function>
        <sys_class_name>sys_rest_message_fn_parameters</sys_class_name>
        <sys_created_by>admin</sys_created_by>
        <sys_created_on>2019-04-05 20:02:14</sys_created_on>
        <sys_id>8a1ec843db243300e16e58b3ca96195b</sys_id>
        <sys_mod_count>1</sys_mod_count>
        <sys_name>api_team_token</sys_name>
        <sys_package display_value="Terraform" source="x_325709_terraform">a3f7fe62dbe033009ba2f8fdbf96192a</sys_package>
        <sys_policy/>
        <sys_scope display_value="Terraform">a3f7fe62dbe033009ba2f8fdbf96192a</sys_scope>
        <sys_update_name>sys_rest_message_fn_parameters_8a1ec843db243300e16e58b3ca96195b</sys_update_name>
        <sys_updated_by>admin</sys_updated_by>
        <sys_updated_on>2019-04-05 20:40:53</sys_updated_on>
        <type>string</type>
        <value/>
    </sys_rest_message_fn_parameters>
</record_update>
