<?xml version="1.0" encoding="UTF-8"?><record_update>
    <sys_documentation element="oauth_token_id" label="OAuth Token ID" language="en" table="x_325709_terraform_vcs_repositories">
        <sys_documentation action="INSERT_OR_UPDATE">
            <element>oauth_token_id</element>
            <help/>
            <hint/>
            <label>OAuth Token ID</label>
            <language>en</language>
            <name>x_325709_terraform_vcs_repositories</name>
            <plural>OAuth Token IDs</plural>
            <sys_class_name>sys_documentation</sys_class_name>
            <sys_created_by>admin</sys_created_by>
            <sys_created_on>2019-04-19 18:55:31</sys_created_on>
            <sys_id>fa388906db520010e2e5f7af29961900</sys_id>
            <sys_mod_count>1</sys_mod_count>
            <sys_name>OAuth Token ID</sys_name>
            <sys_package display_value="Terraform" source="x_325709_terraform">a3f7fe62dbe033009ba2f8fdbf96192a</sys_package>
            <sys_policy/>
            <sys_scope display_value="Terraform">a3f7fe62dbe033009ba2f8fdbf96192a</sys_scope>
            <sys_update_name>sys_documentation_x_325709_terraform_vcs_repositories_oauth_token_id_en</sys_update_name>
            <sys_updated_by>admin</sys_updated_by>
            <sys_updated_on>2019-04-19 18:58:40</sys_updated_on>
            <url/>
            <url_target/>
        </sys_documentation>
    </sys_documentation>
</record_update>
