<?xml version="1.0" encoding="UTF-8"?><record_update table="sys_embedded_help_role">
    <sys_embedded_help_role action="INSERT_OR_UPDATE">
        <order>1000</order>
        <role display_value="x_325709_terraform.vcs_repositories_user" name="x_325709_terraform.vcs_repositories_user">271580a7dbb03300e16e58b3ca961990</role>
        <sys_class_name>sys_embedded_help_role</sys_class_name>
        <sys_created_by>admin</sys_created_by>
        <sys_created_on>2019-04-19 18:55:29</sys_created_on>
        <sys_id>671580a7dbb03300e16e58b3ca961993</sys_id>
        <sys_mod_count>0</sys_mod_count>
        <sys_name>271580a7dbb03300e16e58b3ca961990</sys_name>
        <sys_package display_value="Terraform" source="x_325709_terraform">a3f7fe62dbe033009ba2f8fdbf96192a</sys_package>
        <sys_policy/>
        <sys_scope display_value="Terraform">a3f7fe62dbe033009ba2f8fdbf96192a</sys_scope>
        <sys_update_name>sys_embedded_help_role_671580a7dbb03300e16e58b3ca961993</sys_update_name>
        <sys_updated_by>admin</sys_updated_by>
        <sys_updated_on>2019-04-19 18:55:29</sys_updated_on>
    </sys_embedded_help_role>
</record_update>
