<?xml version="1.0" encoding="UTF-8"?><record_update table="sys_rest_message">
    <sys_rest_message action="INSERT_OR_UPDATE">
        <access>package_private</access>
        <authentication_type>no_authentication</authentication_type>
        <basic_auth_password/>
        <basic_auth_profile/>
        <basic_auth_user/>
        <description>Terraform Enterprise Workspaces API Requests</description>
        <name>TF Workspaces</name>
        <oauth2_profile/>
        <protocol_name/>
        <rest_endpoint>${hostname}/api/v2/organizations/${org_name}/workspaces</rest_endpoint>
        <sys_class_name>sys_rest_message</sys_class_name>
        <sys_created_by>admin</sys_created_by>
        <sys_created_on>2019-04-04 19:11:20</sys_created_on>
        <sys_id>d878faa2dbe033009ba2f8fdbf9619e6</sys_id>
        <sys_mod_count>2</sys_mod_count>
        <sys_name>TF Workspaces</sys_name>
        <sys_package display_value="Terraform" source="x_325709_terraform">a3f7fe62dbe033009ba2f8fdbf96192a</sys_package>
        <sys_policy/>
        <sys_scope display_value="Terraform">a3f7fe62dbe033009ba2f8fdbf96192a</sys_scope>
        <sys_update_name>sys_rest_message_d878faa2dbe033009ba2f8fdbf9619e6</sys_update_name>
        <sys_updated_by>admin</sys_updated_by>
        <sys_updated_on>2019-06-28 20:04:48</sys_updated_on>
        <use_basic_auth>false</use_basic_auth>
        <use_mutual_auth>false</use_mutual_auth>
    </sys_rest_message>
</record_update>
