<?xml version="1.0" encoding="UTF-8"?><record_update table="sys_properties">
    <sys_properties action="INSERT_OR_UPDATE">
        <choices/>
        <description>Terraform Enterprise Hostname</description>
        <ignore_cache>false</ignore_cache>
        <is_private>false</is_private>
        <name>x_325709_terraform.hostname</name>
        <read_roles/>
        <suffix>hostname</suffix>
        <sys_class_name>sys_properties</sys_class_name>
        <sys_created_by>admin</sys_created_by>
        <sys_created_on>2019-04-18 16:44:55</sys_created_on>
        <sys_id>ec8d1e0bdb703300e16e58b3ca96191f</sys_id>
        <sys_mod_count>1</sys_mod_count>
        <sys_name>x_325709_terraform.hostname</sys_name>
        <sys_package display_value="Terraform" source="x_325709_terraform">a3f7fe62dbe033009ba2f8fdbf96192a</sys_package>
        <sys_policy/>
        <sys_scope display_value="Terraform">a3f7fe62dbe033009ba2f8fdbf96192a</sys_scope>
        <sys_update_name>sys_properties_ec8d1e0bdb703300e16e58b3ca96191f</sys_update_name>
        <sys_updated_by>admin</sys_updated_by>
        <sys_updated_on>2019-05-10 15:56:38</sys_updated_on>
        <type>string</type>
        <value>https://app.terraform.io</value>
        <write_roles/>
    </sys_properties>
    <sys_translated_text action="delete_multiple" query="documentkey=ec8d1e0bdb703300e16e58b3ca96191f"/>
</record_update>
