<?xml version="1.0" encoding="UTF-8"?><record_update>
    <sys_documentation element="tf_action_type" label="TF Action Type" language="en" table="x_325709_terraform_terraform">
        <sys_documentation action="INSERT_OR_UPDATE">
            <element>tf_action_type</element>
            <help/>
            <hint/>
            <label>TF Action Type</label>
            <language>en</language>
            <name>x_325709_terraform_terraform</name>
            <plural>TF Action Types</plural>
            <sys_class_name>sys_documentation</sys_class_name>
            <sys_created_by>admin</sys_created_by>
            <sys_created_on>2019-06-28 19:59:55</sys_created_on>
            <sys_id>3a384906db520010e2e5f7af299619e2</sys_id>
            <sys_mod_count>0</sys_mod_count>
            <sys_name>TF Action Type</sys_name>
            <sys_package display_value="Terraform" source="x_325709_terraform">a3f7fe62dbe033009ba2f8fdbf96192a</sys_package>
            <sys_policy/>
            <sys_scope display_value="Terraform">a3f7fe62dbe033009ba2f8fdbf96192a</sys_scope>
            <sys_update_name>sys_documentation_x_325709_terraform_terraform_tf_action_type_en</sys_update_name>
            <sys_updated_by>admin</sys_updated_by>
            <sys_updated_on>2019-06-28 19:59:55</sys_updated_on>
            <url/>
            <url_target/>
        </sys_documentation>
    </sys_documentation>
</record_update>
