<?xml version="1.0" encoding="UTF-8"?><record_update>
    <sys_documentation element="name" label="Name" language="en" table="x_325709_terraform_vcs_repositories">
        <sys_documentation action="INSERT_OR_UPDATE">
            <element>name</element>
            <help/>
            <hint/>
            <label>Name</label>
            <language>en</language>
            <name>x_325709_terraform_vcs_repositories</name>
            <plural>Names</plural>
            <sys_class_name>sys_documentation</sys_class_name>
            <sys_created_by>admin</sys_created_by>
            <sys_created_on>2019-04-19 18:55:31</sys_created_on>
            <sys_id>ba384906db520010e2e5f7af299619ff</sys_id>
            <sys_mod_count>0</sys_mod_count>
            <sys_name>Name</sys_name>
            <sys_package display_value="Terraform" source="x_325709_terraform">a3f7fe62dbe033009ba2f8fdbf96192a</sys_package>
            <sys_policy/>
            <sys_scope display_value="Terraform">a3f7fe62dbe033009ba2f8fdbf96192a</sys_scope>
            <sys_update_name>sys_documentation_x_325709_terraform_vcs_repositories_name_en</sys_update_name>
            <sys_updated_by>admin</sys_updated_by>
            <sys_updated_on>2019-04-19 18:55:31</sys_updated_on>
            <url/>
            <url_target/>
        </sys_documentation>
    </sys_documentation>
</record_update>
