<?xml version="1.0" encoding="UTF-8"?><record_update table="wf_workflow_schedule">
    <wf_workflow_schedule action="INSERT_OR_UPDATE">
        <active>true</active>
        <condition/>
        <conditional>false</conditional>
        <name>Worker Poll Run State</name>
        <run_as display_value="System Administrator">6816f79cc0a8016401c5a33be04be441</run_as>
        <run_as_tz/>
        <run_dayofmonth>1</run_dayofmonth>
        <run_dayofweek>1</run_dayofweek>
        <run_period>1970-01-01 00:00:05</run_period>
        <run_start>2019-04-15 21:06:08</run_start>
        <run_time>1970-01-01 08:00:00</run_time>
        <run_type>on_demand</run_type>
        <script><![CDATA[var ws = new global.WorkflowScheduler(); ws.run();]]></script>
        <sys_class_name>wf_workflow_schedule</sys_class_name>
        <sys_created_by>admin</sys_created_by>
        <sys_created_on>2019-04-15 21:11:07</sys_created_on>
        <sys_id>06ac3b46dbf03300e16e58b3ca961941</sys_id>
        <sys_mod_count>1</sys_mod_count>
        <sys_name>Worker Poll Run State</sys_name>
        <sys_package display_value="Terraform" source="x_325709_terraform">a3f7fe62dbe033009ba2f8fdbf96192a</sys_package>
        <sys_policy/>
        <sys_scope display_value="Terraform">a3f7fe62dbe033009ba2f8fdbf96192a</sys_scope>
        <sys_update_name>wf_workflow_schedule_06ac3b46dbf03300e16e58b3ca961941</sys_update_name>
        <sys_updated_by>admin</sys_updated_by>
        <sys_updated_on>2019-04-15 21:12:33</sys_updated_on>
        <upgrade_safe>false</upgrade_safe>
        <workflow display_value="Poll Run State">059048d5dbb03300e16e58b3ca96199b</workflow>
    </wf_workflow_schedule>
</record_update>
