<?xml version="1.0" encoding="UTF-8"?><record_update table="wf_workflow_version">
    <wf_workflow_version action="INSERT_OR_UPDATE">
        <active>true</active>
        <activity_stages>{"activities":{},"subflows":[],"stages":{},"ends":["731b30cadbd23300176661ca0b9619df"]}</activity_stages>
        <after_business_rules>false</after_business_rules>
        <checked_out/>
        <checked_out_by/>
        <column_renderer display_value="Workflow-driven">a56213111b030100adca1e094f0713ac</column_renderer>
        <condition/>
        <condition_type/>
        <description/>
        <expected_sequences>7b1b30cadbd23300176661ca0b9619e0,fb1b30cadbd23300176661ca0b9619df,731b30cadbd23300176661ca0b9619df</expected_sequences>
        <expected_time>1970-01-01 14:00:00</expected_time>
        <expected_time_type/>
        <full_sequences>7b1b30cadbd23300176661ca0b9619e0,fb1b30cadbd23300176661ca0b9619df,731b30cadbd23300176661ca0b9619df</full_sequences>
        <journal/>
        <max_activity_count>100</max_activity_count>
        <name>Create Run</name>
        <not_cacheable>false</not_cacheable>
        <on_cancel><![CDATA[// This script executes if the workflow is cancelled.// The global variable context_sys_id contains the sys_id of the cancelled workflow context.]]></on_cancel>
        <order>100</order>
        <pin_type>set_by_activity</pin_type>
        <published>true</published>
        <relative_duration/>
        <requires_ert>true</requires_ert>
        <run_multiple>false</run_multiple>
        <schedule/>
        <stage_field>stage</stage_field>
        <stage_order>computed</stage_order>
        <start display_value="Begin">7b1b30cadbd23300176661ca0b9619e0</start>
        <sys_created_by>admin</sys_created_by>
        <sys_created_on>2019-06-28 20:34:43</sys_created_on>
        <sys_id>331b30cadbd23300176661ca0b9619dd</sys_id>
        <sys_mod_count>6</sys_mod_count>
        <sys_updated_by>admin</sys_updated_by>
        <sys_updated_on>2019-06-28 20:40:06</sys_updated_on>
        <table>sc_req_item</table>
        <timezone/>
        <validated>true</validated>
        <workflow display_value="Create Run">14b8b2b7db603300e16e58b3ca96198b</workflow>
    </wf_workflow_version>
    <wf_workflow action="INSERT_OR_UPDATE">
        <access>public</access>
        <description/>
        <name>Create Run</name>
        <preview/>
        <sys_class_name>wf_workflow</sys_class_name>
        <sys_created_by>admin</sys_created_by>
        <sys_created_on>2019-04-08 16:22:51</sys_created_on>
        <sys_domain>global</sys_domain>
        <sys_domain_path>/</sys_domain_path>
        <sys_id>14b8b2b7db603300e16e58b3ca96198b</sys_id>
        <sys_mod_count>0</sys_mod_count>
        <sys_name>Create Run</sys_name>
        <sys_overrides/>
        <sys_package display_value="Terraform" source="x_325709_terraform">a3f7fe62dbe033009ba2f8fdbf96192a</sys_package>
        <sys_policy/>
        <sys_scope display_value="Terraform">a3f7fe62dbe033009ba2f8fdbf96192a</sys_scope>
        <sys_update_name>wf_workflow_14b8b2b7db603300e16e58b3ca96198b</sys_update_name>
        <sys_updated_by>admin</sys_updated_by>
        <sys_updated_on>2019-04-08 16:22:51</sys_updated_on>
        <table>sc_req_item</table>
        <template>false</template>
        <vars/>
    </wf_workflow>
    <wf_stage action="INSERT_OR_UPDATE">
        <name>Completed</name>
        <ola>1970-01-01 00:00:00</ola>
        <order>1100</order>
        <sys_created_by>admin</sys_created_by>
        <sys_created_on>2019-06-28 20:34:43</sys_created_on>
        <sys_id>7b1b30cadbd23300176661ca0b9619de</sys_id>
        <sys_mod_count>0</sys_mod_count>
        <sys_updated_by>admin</sys_updated_by>
        <sys_updated_on>2019-06-28 20:34:43</sys_updated_on>
        <value>complete</value>
        <workflow_version display_value="Create Run">331b30cadbd23300176661ca0b9619dd</workflow_version>
    </wf_stage>
    <wf_stage action="INSERT_OR_UPDATE">
        <name>Delivery</name>
        <ola>1970-01-03 00:00:00</ola>
        <order>140</order>
        <sys_created_by>admin</sys_created_by>
        <sys_created_on>2019-06-28 20:34:43</sys_created_on>
        <sys_id>f71b30cadbd23300176661ca0b9619de</sys_id>
        <sys_mod_count>0</sys_mod_count>
        <sys_updated_by>admin</sys_updated_by>
        <sys_updated_on>2019-06-28 20:34:43</sys_updated_on>
        <value>delivery</value>
        <workflow_version display_value="Create Run">331b30cadbd23300176661ca0b9619dd</workflow_version>
    </wf_stage>
    <wf_stage action="INSERT_OR_UPDATE">
        <name>Fulfillment</name>
        <ola>1970-01-02 00:00:00</ola>
        <order>120</order>
        <sys_created_by>admin</sys_created_by>
        <sys_created_on>2019-06-28 20:34:43</sys_created_on>
        <sys_id>731b30cadbd23300176661ca0b9619de</sys_id>
        <sys_mod_count>0</sys_mod_count>
        <sys_updated_by>admin</sys_updated_by>
        <sys_updated_on>2019-06-28 20:34:43</sys_updated_on>
        <value>fulfillment</value>
        <workflow_version display_value="Create Run">331b30cadbd23300176661ca0b9619dd</workflow_version>
    </wf_stage>
    <wf_stage action="INSERT_OR_UPDATE">
        <name>Request Cancelled</name>
        <ola>1970-01-01 00:00:00</ola>
        <order>1000</order>
        <sys_created_by>admin</sys_created_by>
        <sys_created_on>2019-06-28 20:34:43</sys_created_on>
        <sys_id>771b30cadbd23300176661ca0b9619de</sys_id>
        <sys_mod_count>0</sys_mod_count>
        <sys_updated_by>admin</sys_updated_by>
        <sys_updated_on>2019-06-28 20:34:43</sys_updated_on>
        <value>Request Cancelled</value>
        <workflow_version display_value="Create Run">331b30cadbd23300176661ca0b9619dd</workflow_version>
    </wf_stage>
    <wf_stage action="INSERT_OR_UPDATE">
        <name>Request Approved</name>
        <ola>1970-01-01 00:00:00</ola>
        <order>90</order>
        <sys_created_by>admin</sys_created_by>
        <sys_created_on>2019-06-28 20:34:43</sys_created_on>
        <sys_id>fb1b30cadbd23300176661ca0b9619de</sys_id>
        <sys_mod_count>0</sys_mod_count>
        <sys_updated_by>admin</sys_updated_by>
        <sys_updated_on>2019-06-28 20:34:43</sys_updated_on>
        <value>request_approved</value>
        <workflow_version display_value="Create Run">331b30cadbd23300176661ca0b9619dd</workflow_version>
    </wf_stage>
    <wf_stage action="INSERT_OR_UPDATE">
        <name>Waiting for Approval</name>
        <ola>1970-01-02 00:00:00</ola>
        <order>100</order>
        <sys_created_by>admin</sys_created_by>
        <sys_created_on>2019-06-28 20:34:43</sys_created_on>
        <sys_id>f31b30cadbd23300176661ca0b9619de</sys_id>
        <sys_mod_count>0</sys_mod_count>
        <sys_updated_by>admin</sys_updated_by>
        <sys_updated_on>2019-06-28 20:34:43</sys_updated_on>
        <value>waiting_for_approval</value>
        <workflow_version display_value="Create Run">331b30cadbd23300176661ca0b9619dd</workflow_version>
    </wf_stage>
    <wf_activity action="INSERT_OR_UPDATE">
        <activity_definition display_value="Begin">c7a5e32c0a0a0b3a002377c24ed8ea76</activity_definition>
        <activity_definition_updated>false</activity_definition_updated>
        <databus_lookup_id>1</databus_lookup_id>
        <height/>
        <input/>
        <is_parent>false</is_parent>
        <name>Begin</name>
        <new_activity_definition/>
        <notes/>
        <out_of_date>false</out_of_date>
        <parent/>
        <pinned>false</pinned>
        <pinned_version/>
        <stage/>
        <sys_created_by>admin</sys_created_by>
        <sys_created_on>2019-06-28 20:34:43</sys_created_on>
        <sys_id>7b1b30cadbd23300176661ca0b9619e0</sys_id>
        <sys_mod_count>0</sys_mod_count>
        <sys_updated_by>admin</sys_updated_by>
        <sys_updated_on>2019-06-28 20:34:43</sys_updated_on>
        <timeout>1970-01-01 00:00:00</timeout>
        <vars/>
        <width>80</width>
        <workflow_version display_value="Create Run">331b30cadbd23300176661ca0b9619dd</workflow_version>
        <x>20</x>
        <y>20</y>
    </wf_activity>
    <sys_variable_value action="delete_multiple" query="document_key=7b1b30cadbd23300176661ca0b9619e0"/>
    <wf_condition action="INSERT_OR_UPDATE">
        <activity display_value="Begin">7b1b30cadbd23300176661ca0b9619e0</activity>
        <condition>true</condition>
        <condition_default/>
        <condition_type>standard</condition_type>
        <else_flag>false</else_flag>
        <error>false</error>
        <event>false</event>
        <event_name/>
        <is_positive>true</is_positive>
        <name>Always</name>
        <order>0</order>
        <short_description/>
        <skip_during_generate>false</skip_during_generate>
        <sys_created_by>admin</sys_created_by>
        <sys_created_on>2019-06-28 20:34:43</sys_created_on>
        <sys_id>bf1b30cadbd23300176661ca0b9619e0</sys_id>
        <sys_mod_count>0</sys_mod_count>
        <sys_updated_by>admin</sys_updated_by>
        <sys_updated_on>2019-06-28 20:34:43</sys_updated_on>
    </wf_condition>
    <wf_activity action="INSERT_OR_UPDATE">
        <activity_definition display_value="Run Script">db8c65aec0a8016501d00259bc7203a4</activity_definition>
        <activity_definition_updated>false</activity_definition_updated>
        <databus_lookup_id>3</databus_lookup_id>
        <height/>
        <input>{}</input>
        <is_parent>false</is_parent>
        <name>CreateRun</name>
        <new_activity_definition/>
        <notes/>
        <out_of_date>false</out_of_date>
        <parent/>
        <pinned>false</pinned>
        <pinned_version/>
        <stage/>
        <sys_created_by>admin</sys_created_by>
        <sys_created_on>2019-06-28 20:34:43</sys_created_on>
        <sys_id>fb1b30cadbd23300176661ca0b9619df</sys_id>
        <sys_mod_count>1</sys_mod_count>
        <sys_updated_by>admin</sys_updated_by>
        <sys_updated_on>2019-06-28 20:34:54</sys_updated_on>
        <timeout>1970-01-01 00:00:00</timeout>
        <vars/>
        <width/>
        <workflow_version display_value="Create Run">331b30cadbd23300176661ca0b9619dd</workflow_version>
        <x>162</x>
        <y>123</y>
    </wf_activity>
    <sys_variable_value action="delete_multiple" query="document_key=fb1b30cadbd23300176661ca0b9619df"/>
    <sys_variable_value action="INSERT_OR_UPDATE">
        <document>wf_activity</document>
        <document_key>fb1b30cadbd23300176661ca0b9619df</document_key>
        <order>1</order>
        <sys_class_name>sys_variable_value</sys_class_name>
        <sys_created_by>admin</sys_created_by>
        <sys_created_on>2019-06-28 20:34:43</sys_created_on>
        <sys_id>ff1b30cadbd23300176661ca0b9619df</sys_id>
        <sys_mod_count>1</sys_mod_count>
        <sys_updated_by>admin</sys_updated_by>
        <sys_updated_on>2019-06-28 20:34:54</sys_updated_on>
        <value>/*global tf_run, tf_http, tf_terraform_record, tf_util*/&#13;
&#13;
gs.info("Workflow: Terraform Create Run Started...");&#13;
&#13;
var terraform_record = new tf_terraform_record();&#13;
var run              = new tf_run();&#13;
var util             = new tf_util();&#13;
&#13;
/* Data for the request content */&#13;
var requestID      = current.request.getDisplayValue(); // Catalog Request ID&#13;
var workspace_name = current.variables.workspace_name;  // Variable from Catalog Request&#13;
&#13;
var tf_workspace     = terraform_record.get(workspace_name);&#13;
var workspace_id     = String(tf_workspace.workspace_id);&#13;
var request_id       = "RequestID: " + requestID;&#13;
&#13;
var content        = run.createRunRequestContent(workspace_id, request_id);&#13;
var requestContent = JSON.stringify(content);&#13;
&#13;
/* HTTP REST request to Terraform API */&#13;
var http  = new tf_http("TF Runs", "Create Run", requestContent);&#13;
http.execute();&#13;
&#13;
/* Add comment to original workspace request item */&#13;
var url = "sc_req_item.do?sys_id=" + current.sys_id;&#13;
var comment = util.formatCommentBlockQuote("Terraform: Planning Run...") + "Triggered by " + util.formatCommentHyperlink(url, current.getDisplayValue());&#13;
terraform_record.postRITMComment(tf_workspace.requested_item, comment);&#13;
&#13;
/* Add comment to current request item */&#13;
url = "sc_req_item.do?sys_id=" + tf_workspace.requested_item;&#13;
comment = "Plan run triggered for workspace " + util.formatCommentHyperlink(url, workspace_name);&#13;
terraform_record.postRITMComment(current.sys_id, comment);&#13;
&#13;
gs.info("Workflow: Terraform Create Run Finished.");&#13;
</value>
        <variable display_value="">c35ddef20a0a0ba96248a7090eccd518</variable>
    </sys_variable_value>
    <sys_variable_value action="INSERT_OR_UPDATE">
        <document>wf_activity</document>
        <document_key>fb1b30cadbd23300176661ca0b9619df</document_key>
        <order>1</order>
        <sys_class_name>sys_variable_value</sys_class_name>
        <sys_created_by>admin</sys_created_by>
        <sys_created_on>2019-06-28 20:34:43</sys_created_on>
        <sys_id>ff1b30cadbd23300176661ca0b9619df</sys_id>
        <sys_mod_count>1</sys_mod_count>
        <sys_updated_by>admin</sys_updated_by>
        <sys_updated_on>2019-06-28 20:34:54</sys_updated_on>
        <value>/*global tf_run, tf_http, tf_terraform_record, tf_util*/&#13;
&#13;
gs.info("Workflow: Terraform Create Run Started...");&#13;
&#13;
var terraform_record = new tf_terraform_record();&#13;
var run              = new tf_run();&#13;
var util             = new tf_util();&#13;
&#13;
/* Data for the request content */&#13;
var requestID      = current.request.getDisplayValue(); // Catalog Request ID&#13;
var workspace_name = current.variables.workspace_name;  // Variable from Catalog Request&#13;
&#13;
var tf_workspace     = terraform_record.get(workspace_name);&#13;
var workspace_id     = String(tf_workspace.workspace_id);&#13;
var request_id       = "RequestID: " + requestID;&#13;
&#13;
var content        = run.createRunRequestContent(workspace_id, request_id);&#13;
var requestContent = JSON.stringify(content);&#13;
&#13;
/* HTTP REST request to Terraform API */&#13;
var http  = new tf_http("TF Runs", "Create Run", requestContent);&#13;
http.execute();&#13;
&#13;
/* Add comment to original workspace request item */&#13;
var url = "sc_req_item.do?sys_id=" + current.sys_id;&#13;
var comment = util.formatCommentBlockQuote("Terraform: Planning Run...") + "Triggered by " + util.formatCommentHyperlink(url, current.getDisplayValue());&#13;
terraform_record.postRITMComment(tf_workspace.requested_item, comment);&#13;
&#13;
/* Add comment to current request item */&#13;
url = "sc_req_item.do?sys_id=" + tf_workspace.requested_item;&#13;
comment = "Plan run triggered for workspace " + util.formatCommentHyperlink(url, workspace_name);&#13;
terraform_record.postRITMComment(current.sys_id, comment);&#13;
&#13;
gs.info("Workflow: Terraform Create Run Finished.");&#13;
</value>
        <variable display_value="">c35ddef20a0a0ba96248a7090eccd518</variable>
    </sys_variable_value>
    <wf_condition action="INSERT_OR_UPDATE">
        <activity display_value="CreateRun">fb1b30cadbd23300176661ca0b9619df</activity>
        <condition>true</condition>
        <condition_default/>
        <condition_type>standard</condition_type>
        <else_flag>false</else_flag>
        <error>false</error>
        <event>false</event>
        <event_name/>
        <is_positive>true</is_positive>
        <name>Always</name>
        <order>0</order>
        <short_description/>
        <skip_during_generate>false</skip_during_generate>
        <sys_created_by>admin</sys_created_by>
        <sys_created_on>2019-06-28 20:34:43</sys_created_on>
        <sys_id>f31b30cadbd23300176661ca0b9619e0</sys_id>
        <sys_mod_count>0</sys_mod_count>
        <sys_updated_by>admin</sys_updated_by>
        <sys_updated_on>2019-06-28 20:34:43</sys_updated_on>
    </wf_condition>
    <wf_activity action="INSERT_OR_UPDATE">
        <activity_definition display_value="End">c7a66f7d0a0a0b3a004544a6d2f14076</activity_definition>
        <activity_definition_updated>false</activity_definition_updated>
        <databus_lookup_id>2</databus_lookup_id>
        <height/>
        <input/>
        <is_parent>false</is_parent>
        <name>End</name>
        <new_activity_definition/>
        <notes/>
        <out_of_date>false</out_of_date>
        <parent/>
        <pinned>false</pinned>
        <pinned_version/>
        <stage/>
        <sys_created_by>admin</sys_created_by>
        <sys_created_on>2019-06-28 20:34:43</sys_created_on>
        <sys_id>731b30cadbd23300176661ca0b9619df</sys_id>
        <sys_mod_count>0</sys_mod_count>
        <sys_updated_by>admin</sys_updated_by>
        <sys_updated_on>2019-06-28 20:34:43</sys_updated_on>
        <timeout>1970-01-01 00:00:00</timeout>
        <vars/>
        <width>80</width>
        <workflow_version display_value="Create Run">331b30cadbd23300176661ca0b9619dd</workflow_version>
        <x>479</x>
        <y>177</y>
    </wf_activity>
    <sys_variable_value action="delete_multiple" query="document_key=731b30cadbd23300176661ca0b9619df"/>
    <wf_transition action="INSERT_OR_UPDATE">
        <condition display_value="Always">bf1b30cadbd23300176661ca0b9619e0</condition>
        <from display_value="Begin">7b1b30cadbd23300176661ca0b9619e0</from>
        <sys_created_by>admin</sys_created_by>
        <sys_created_on>2019-06-28 20:34:43</sys_created_on>
        <sys_id>331b30cadbd23300176661ca0b9619e2</sys_id>
        <sys_mod_count>0</sys_mod_count>
        <sys_updated_by>admin</sys_updated_by>
        <sys_updated_on>2019-06-28 20:34:43</sys_updated_on>
        <to display_value="CreateRun">fb1b30cadbd23300176661ca0b9619df</to>
    </wf_transition>
    <wf_transition action="INSERT_OR_UPDATE">
        <condition display_value="Always">f31b30cadbd23300176661ca0b9619e0</condition>
        <from display_value="CreateRun">fb1b30cadbd23300176661ca0b9619df</from>
        <sys_created_by>admin</sys_created_by>
        <sys_created_on>2019-06-28 20:34:43</sys_created_on>
        <sys_id>f31b30cadbd23300176661ca0b9619e2</sys_id>
        <sys_mod_count>0</sys_mod_count>
        <sys_updated_by>admin</sys_updated_by>
        <sys_updated_on>2019-06-28 20:34:43</sys_updated_on>
        <to display_value="End">731b30cadbd23300176661ca0b9619df</to>
    </wf_transition>
    <wf_estimated_runtime_config action="INSERT_OR_UPDATE">
        <estimated_run_time/>
        <no_of_data_points>1</no_of_data_points>
        <percentage_threshold_ert>20</percentage_threshold_ert>
        <sys_created_by>admin</sys_created_by>
        <sys_created_on>2019-06-28 20:34:43</sys_created_on>
        <sys_id>b31b30cadbd23300176661ca0b9619dd</sys_id>
        <sys_mod_count>0</sys_mod_count>
        <sys_updated_by>admin</sys_updated_by>
        <sys_updated_on>2019-06-28 20:34:43</sys_updated_on>
        <workflow_version display_value="Create Run">331b30cadbd23300176661ca0b9619dd</workflow_version>
    </wf_estimated_runtime_config>
    <wf_workflow_version action="update_multiple" query="workflow=14b8b2b7db603300e16e58b3ca96198b^sys_id!=331b30cadbd23300176661ca0b9619dd">
        <published>false</published>
    </wf_workflow_version>
</record_update>
