<?xml version="1.0" encoding="UTF-8"?><record_update table="wf_workflow_version">
    <wf_workflow_version action="INSERT_OR_UPDATE">
        <active>true</active>
        <activity_stages>{"activities":{},"subflows":[],"stages":{},"ends":["390bbc8adbd23300176661ca0b9619f9"]}</activity_stages>
        <after_business_rules>false</after_business_rules>
        <checked_out/>
        <checked_out_by/>
        <column_renderer display_value="Workflow-driven">a56213111b030100adca1e094f0713ac</column_renderer>
        <condition/>
        <condition_type/>
        <description/>
        <expected_sequences>710bbc8adbd23300176661ca0b9619fa,b90bbc8adbd23300176661ca0b9619f8,390bbc8adbd23300176661ca0b9619f9</expected_sequences>
        <expected_time>1970-01-01 14:00:00</expected_time>
        <expected_time_type/>
        <full_sequences>710bbc8adbd23300176661ca0b9619fa,b90bbc8adbd23300176661ca0b9619f8,390bbc8adbd23300176661ca0b9619f9</full_sequences>
        <journal/>
        <max_activity_count>100</max_activity_count>
        <name>Create Workspace With Variables</name>
        <not_cacheable>false</not_cacheable>
        <on_cancel><![CDATA[// This script executes if the workflow is cancelled.// The global variable context_sys_id contains the sys_id of the cancelled workflow context.]]></on_cancel>
        <order>100</order>
        <pin_type>set_by_activity</pin_type>
        <published>true</published>
        <relative_duration display_value="2 business days by 4pm">3bf802c20a0a0b52008e2859cd8abcf2</relative_duration>
        <requires_ert>true</requires_ert>
        <run_multiple>false</run_multiple>
        <schedule/>
        <stage_field>stage</stage_field>
        <stage_order>computed</stage_order>
        <start display_value="Begin">710bbc8adbd23300176661ca0b9619fa</start>
        <sys_created_by>admin</sys_created_by>
        <sys_created_on>2019-06-28 20:34:19</sys_created_on>
        <sys_id>fd0b7c8adbd23300176661ca0b9619cb</sys_id>
        <sys_mod_count>6</sys_mod_count>
        <sys_updated_by>admin</sys_updated_by>
        <sys_updated_on>2019-06-28 20:41:00</sys_updated_on>
        <table>sc_req_item</table>
        <timezone/>
        <validated>true</validated>
        <workflow display_value="Create Workspace With Variables">067dbf55dbe13300e3d5d426ca961992</workflow>
    </wf_workflow_version>
    <wf_workflow action="INSERT_OR_UPDATE">
        <access>public</access>
        <description/>
        <name>Create Workspace With Variables</name>
        <preview/>
        <sys_class_name>wf_workflow</sys_class_name>
        <sys_created_by>admin</sys_created_by>
        <sys_created_on>2019-05-20 20:01:19</sys_created_on>
        <sys_domain>global</sys_domain>
        <sys_domain_path>/</sys_domain_path>
        <sys_id>067dbf55dbe13300e3d5d426ca961992</sys_id>
        <sys_mod_count>1</sys_mod_count>
        <sys_name>Create Workspace With Variables</sys_name>
        <sys_overrides/>
        <sys_package display_value="Terraform" source="x_325709_terraform">a3f7fe62dbe033009ba2f8fdbf96192a</sys_package>
        <sys_policy/>
        <sys_scope display_value="Terraform">a3f7fe62dbe033009ba2f8fdbf96192a</sys_scope>
        <sys_update_name>wf_workflow_067dbf55dbe13300e3d5d426ca961992</sys_update_name>
        <sys_updated_by>admin</sys_updated_by>
        <sys_updated_on>2019-05-20 20:01:52</sys_updated_on>
        <table>sc_req_item</table>
        <template>false</template>
        <vars/>
    </wf_workflow>
    <wf_stage action="INSERT_OR_UPDATE">
        <name>Completed</name>
        <ola>1970-01-01 00:00:00</ola>
        <order>1100</order>
        <sys_created_by>admin</sys_created_by>
        <sys_created_on>2019-06-28 20:34:19</sys_created_on>
        <sys_id>f10bbc8adbd23300176661ca0b9619f8</sys_id>
        <sys_mod_count>0</sys_mod_count>
        <sys_updated_by>admin</sys_updated_by>
        <sys_updated_on>2019-06-28 20:34:19</sys_updated_on>
        <value>complete</value>
        <workflow_version display_value="Create Workspace With Variables">fd0b7c8adbd23300176661ca0b9619cb</workflow_version>
    </wf_stage>
    <wf_stage action="INSERT_OR_UPDATE">
        <name>Delivery</name>
        <ola>1970-01-03 00:00:00</ola>
        <order>140</order>
        <sys_created_by>admin</sys_created_by>
        <sys_created_on>2019-06-28 20:34:19</sys_created_on>
        <sys_id>710bbc8adbd23300176661ca0b9619f8</sys_id>
        <sys_mod_count>0</sys_mod_count>
        <sys_updated_by>admin</sys_updated_by>
        <sys_updated_on>2019-06-28 20:34:19</sys_updated_on>
        <value>delivery</value>
        <workflow_version display_value="Create Workspace With Variables">fd0b7c8adbd23300176661ca0b9619cb</workflow_version>
    </wf_stage>
    <wf_stage action="INSERT_OR_UPDATE">
        <name>Fulfillment</name>
        <ola>1970-01-02 00:00:00</ola>
        <order>120</order>
        <sys_created_by>admin</sys_created_by>
        <sys_created_on>2019-06-28 20:34:19</sys_created_on>
        <sys_id>f90bbc8adbd23300176661ca0b9619f7</sys_id>
        <sys_mod_count>0</sys_mod_count>
        <sys_updated_by>admin</sys_updated_by>
        <sys_updated_on>2019-06-28 20:34:19</sys_updated_on>
        <value>fulfillment</value>
        <workflow_version display_value="Create Workspace With Variables">fd0b7c8adbd23300176661ca0b9619cb</workflow_version>
    </wf_stage>
    <wf_stage action="INSERT_OR_UPDATE">
        <name>Request Cancelled</name>
        <ola>1970-01-01 00:00:00</ola>
        <order>1000</order>
        <sys_created_by>admin</sys_created_by>
        <sys_created_on>2019-06-28 20:34:19</sys_created_on>
        <sys_id>fd0bbc8adbd23300176661ca0b9619f7</sys_id>
        <sys_mod_count>0</sys_mod_count>
        <sys_updated_by>admin</sys_updated_by>
        <sys_updated_on>2019-06-28 20:34:19</sys_updated_on>
        <value>Request Cancelled</value>
        <workflow_version display_value="Create Workspace With Variables">fd0b7c8adbd23300176661ca0b9619cb</workflow_version>
    </wf_stage>
    <wf_stage action="INSERT_OR_UPDATE">
        <name>Request Approved</name>
        <ola>1970-01-01 00:00:00</ola>
        <order>90</order>
        <sys_created_by>admin</sys_created_by>
        <sys_created_on>2019-06-28 20:34:19</sys_created_on>
        <sys_id>7d0bbc8adbd23300176661ca0b9619f7</sys_id>
        <sys_mod_count>0</sys_mod_count>
        <sys_updated_by>admin</sys_updated_by>
        <sys_updated_on>2019-06-28 20:34:19</sys_updated_on>
        <value>request_approved</value>
        <workflow_version display_value="Create Workspace With Variables">fd0b7c8adbd23300176661ca0b9619cb</workflow_version>
    </wf_stage>
    <wf_stage action="INSERT_OR_UPDATE">
        <name>Waiting for Approval</name>
        <ola>1970-01-02 00:00:00</ola>
        <order>100</order>
        <sys_created_by>admin</sys_created_by>
        <sys_created_on>2019-06-28 20:34:19</sys_created_on>
        <sys_id>390bbc8adbd23300176661ca0b9619f7</sys_id>
        <sys_mod_count>0</sys_mod_count>
        <sys_updated_by>admin</sys_updated_by>
        <sys_updated_on>2019-06-28 20:34:19</sys_updated_on>
        <value>waiting_for_approval</value>
        <workflow_version display_value="Create Workspace With Variables">fd0b7c8adbd23300176661ca0b9619cb</workflow_version>
    </wf_stage>
    <wf_activity action="INSERT_OR_UPDATE">
        <activity_definition display_value="Begin">c7a5e32c0a0a0b3a002377c24ed8ea76</activity_definition>
        <activity_definition_updated>false</activity_definition_updated>
        <databus_lookup_id>1</databus_lookup_id>
        <height/>
        <input/>
        <is_parent>false</is_parent>
        <name>Begin</name>
        <new_activity_definition/>
        <notes/>
        <out_of_date>false</out_of_date>
        <parent/>
        <pinned>false</pinned>
        <pinned_version/>
        <stage/>
        <sys_created_by>admin</sys_created_by>
        <sys_created_on>2019-06-28 20:34:19</sys_created_on>
        <sys_id>710bbc8adbd23300176661ca0b9619fa</sys_id>
        <sys_mod_count>0</sys_mod_count>
        <sys_updated_by>admin</sys_updated_by>
        <sys_updated_on>2019-06-28 20:34:19</sys_updated_on>
        <timeout>1970-01-01 00:00:00</timeout>
        <vars/>
        <width>80</width>
        <workflow_version display_value="Create Workspace With Variables">fd0b7c8adbd23300176661ca0b9619cb</workflow_version>
        <x>20</x>
        <y>20</y>
    </wf_activity>
    <sys_variable_value action="delete_multiple" query="document_key=710bbc8adbd23300176661ca0b9619fa"/>
    <wf_condition action="INSERT_OR_UPDATE">
        <activity display_value="Begin">710bbc8adbd23300176661ca0b9619fa</activity>
        <condition>true</condition>
        <condition_default/>
        <condition_type>standard</condition_type>
        <else_flag>false</else_flag>
        <error>false</error>
        <event>false</event>
        <event_name/>
        <is_positive>true</is_positive>
        <name>Always</name>
        <order>0</order>
        <short_description/>
        <skip_during_generate>false</skip_during_generate>
        <sys_created_by>admin</sys_created_by>
        <sys_created_on>2019-06-28 20:34:19</sys_created_on>
        <sys_id>b50bbc8adbd23300176661ca0b9619fa</sys_id>
        <sys_mod_count>0</sys_mod_count>
        <sys_updated_by>admin</sys_updated_by>
        <sys_updated_on>2019-06-28 20:34:19</sys_updated_on>
    </wf_condition>
    <wf_activity action="INSERT_OR_UPDATE">
        <activity_definition display_value="Run Script">db8c65aec0a8016501d00259bc7203a4</activity_definition>
        <activity_definition_updated>false</activity_definition_updated>
        <databus_lookup_id>3</databus_lookup_id>
        <height/>
        <input>{}</input>
        <is_parent>false</is_parent>
        <name>Create with  Variables</name>
        <new_activity_definition/>
        <notes/>
        <out_of_date>false</out_of_date>
        <parent/>
        <pinned>false</pinned>
        <pinned_version/>
        <stage/>
        <sys_created_by>admin</sys_created_by>
        <sys_created_on>2019-06-28 20:34:19</sys_created_on>
        <sys_id>b90bbc8adbd23300176661ca0b9619f8</sys_id>
        <sys_mod_count>1</sys_mod_count>
        <sys_updated_by>admin</sys_updated_by>
        <sys_updated_on>2019-06-28 20:34:26</sys_updated_on>
        <timeout>1970-01-01 00:00:00</timeout>
        <vars/>
        <width/>
        <workflow_version display_value="Create Workspace With Variables">fd0b7c8adbd23300176661ca0b9619cb</workflow_version>
        <x>109</x>
        <y>171</y>
    </wf_activity>
    <sys_variable_value action="delete_multiple" query="document_key=b90bbc8adbd23300176661ca0b9619f8"/>
    <sys_variable_value action="INSERT_OR_UPDATE">
        <document>wf_activity</document>
        <document_key>b90bbc8adbd23300176661ca0b9619f8</document_key>
        <order>1</order>
        <sys_class_name>sys_variable_value</sys_class_name>
        <sys_created_by>admin</sys_created_by>
        <sys_created_on>2019-06-28 20:34:19</sys_created_on>
        <sys_id>bd0bbc8adbd23300176661ca0b9619f8</sys_id>
        <sys_mod_count>1</sys_mod_count>
        <sys_updated_by>admin</sys_updated_by>
        <sys_updated_on>2019-06-28 20:34:26</sys_updated_on>
        <value>/*global tf_config, tf_workspace, tf_terraform_record, tf_vcs_record, tf_http, tf_variable, tf_util*/&#13;
&#13;
gs.info("Workflow: Terraform Create Workspace with Variables Started...");&#13;
&#13;
// ** Set to the Variable Set for this Catalog Item **&#13;
// ** Any variables in the set must start with `tf_`&#13;
var VAR_SET_NAME = "workspace_variables";&#13;
var tf_variables = current.variables[VAR_SET_NAME];&#13;
&#13;
/* Instantiate Terraform Classes */&#13;
var conf               = new tf_config();&#13;
var workspace          = new tf_workspace();&#13;
var terraform_record   = new tf_terraform_record();&#13;
var vcs_record         = new tf_vcs_record();&#13;
var terraform_variable = new tf_variable();&#13;
var util               = new tf_util();&#13;
&#13;
/* Variables from the Request */&#13;
var requestItemNumber = current.number;&#13;
var workspaceVCS      = current.variables.tf_var_vcs_repository; // Variable from Catalog Request&#13;
var description       = current.variables.description;&#13;
&#13;
/* Data for the request content */&#13;
var workspaceName  = workspace.createName(requestItemNumber);&#13;
var workspaceURL   = workspace.createURL(conf, workspaceName);&#13;
var requestItemURL = terraform_record.createRecordURL(current.sys_id);&#13;
var vcsRecord      = vcs_record.get(workspaceVCS);&#13;
&#13;
/* Create request content */&#13;
var content        = workspace.createRequestContent(vcsRecord, workspaceName, requestItemNumber, requestItemURL, description);&#13;
var requestContent = JSON.stringify(content);&#13;
&#13;
/* HTTP REST request to Terraform API */&#13;
var http               = new tf_http("TF Workspaces", "Create Workspace", requestContent);&#13;
var workspace_response = http.execute();&#13;
var workspace_id       = workspace_response.data.id;&#13;
&#13;
/* Create SN Record from response */&#13;
var gr = terraform_record.create(workspace_response, current.request.sys_id, current.sys_id, workspaceURL);&#13;
&#13;
// Create any TF Variables/ENV Variables from the Variable Set.&#13;
terraform_variable.createVariablesFromSet(tf_variables, workspace_id);&#13;
&#13;
var comment = util.formatCommentBlockQuote("Terraform: Workspace Created");&#13;
terraform_record.postRITMComment(gr.requested_item, comment);&#13;
&#13;
gs.info("Workflow: Terraform Create Workspace Finished.");&#13;
</value>
        <variable display_value="">c35ddef20a0a0ba96248a7090eccd518</variable>
    </sys_variable_value>
    <sys_variable_value action="INSERT_OR_UPDATE">
        <document>wf_activity</document>
        <document_key>b90bbc8adbd23300176661ca0b9619f8</document_key>
        <order>1</order>
        <sys_class_name>sys_variable_value</sys_class_name>
        <sys_created_by>admin</sys_created_by>
        <sys_created_on>2019-06-28 20:34:19</sys_created_on>
        <sys_id>bd0bbc8adbd23300176661ca0b9619f8</sys_id>
        <sys_mod_count>1</sys_mod_count>
        <sys_updated_by>admin</sys_updated_by>
        <sys_updated_on>2019-06-28 20:34:26</sys_updated_on>
        <value>/*global tf_config, tf_workspace, tf_terraform_record, tf_vcs_record, tf_http, tf_variable, tf_util*/&#13;
&#13;
gs.info("Workflow: Terraform Create Workspace with Variables Started...");&#13;
&#13;
// ** Set to the Variable Set for this Catalog Item **&#13;
// ** Any variables in the set must start with `tf_`&#13;
var VAR_SET_NAME = "workspace_variables";&#13;
var tf_variables = current.variables[VAR_SET_NAME];&#13;
&#13;
/* Instantiate Terraform Classes */&#13;
var conf               = new tf_config();&#13;
var workspace          = new tf_workspace();&#13;
var terraform_record   = new tf_terraform_record();&#13;
var vcs_record         = new tf_vcs_record();&#13;
var terraform_variable = new tf_variable();&#13;
var util               = new tf_util();&#13;
&#13;
/* Variables from the Request */&#13;
var requestItemNumber = current.number;&#13;
var workspaceVCS      = current.variables.tf_var_vcs_repository; // Variable from Catalog Request&#13;
var description       = current.variables.description;&#13;
&#13;
/* Data for the request content */&#13;
var workspaceName  = workspace.createName(requestItemNumber);&#13;
var workspaceURL   = workspace.createURL(conf, workspaceName);&#13;
var requestItemURL = terraform_record.createRecordURL(current.sys_id);&#13;
var vcsRecord      = vcs_record.get(workspaceVCS);&#13;
&#13;
/* Create request content */&#13;
var content        = workspace.createRequestContent(vcsRecord, workspaceName, requestItemNumber, requestItemURL, description);&#13;
var requestContent = JSON.stringify(content);&#13;
&#13;
/* HTTP REST request to Terraform API */&#13;
var http               = new tf_http("TF Workspaces", "Create Workspace", requestContent);&#13;
var workspace_response = http.execute();&#13;
var workspace_id       = workspace_response.data.id;&#13;
&#13;
/* Create SN Record from response */&#13;
var gr = terraform_record.create(workspace_response, current.request.sys_id, current.sys_id, workspaceURL);&#13;
&#13;
// Create any TF Variables/ENV Variables from the Variable Set.&#13;
terraform_variable.createVariablesFromSet(tf_variables, workspace_id);&#13;
&#13;
var comment = util.formatCommentBlockQuote("Terraform: Workspace Created");&#13;
terraform_record.postRITMComment(gr.requested_item, comment);&#13;
&#13;
gs.info("Workflow: Terraform Create Workspace Finished.");&#13;
</value>
        <variable display_value="">c35ddef20a0a0ba96248a7090eccd518</variable>
    </sys_variable_value>
    <wf_condition action="INSERT_OR_UPDATE">
        <activity display_value="Create with  Variables">b90bbc8adbd23300176661ca0b9619f8</activity>
        <condition>true</condition>
        <condition_default/>
        <condition_type>standard</condition_type>
        <else_flag>false</else_flag>
        <error>false</error>
        <event>false</event>
        <event_name/>
        <is_positive>true</is_positive>
        <name>Always</name>
        <order>0</order>
        <short_description/>
        <skip_during_generate>false</skip_during_generate>
        <sys_created_by>admin</sys_created_by>
        <sys_created_on>2019-06-28 20:34:19</sys_created_on>
        <sys_id>b10bbc8adbd23300176661ca0b9619f9</sys_id>
        <sys_mod_count>0</sys_mod_count>
        <sys_updated_by>admin</sys_updated_by>
        <sys_updated_on>2019-06-28 20:34:19</sys_updated_on>
    </wf_condition>
    <wf_activity action="INSERT_OR_UPDATE">
        <activity_definition display_value="End">c7a66f7d0a0a0b3a004544a6d2f14076</activity_definition>
        <activity_definition_updated>false</activity_definition_updated>
        <databus_lookup_id>2</databus_lookup_id>
        <height/>
        <input/>
        <is_parent>false</is_parent>
        <name>End</name>
        <new_activity_definition/>
        <notes/>
        <out_of_date>false</out_of_date>
        <parent/>
        <pinned>false</pinned>
        <pinned_version/>
        <stage/>
        <sys_created_by>admin</sys_created_by>
        <sys_created_on>2019-06-28 20:34:19</sys_created_on>
        <sys_id>390bbc8adbd23300176661ca0b9619f9</sys_id>
        <sys_mod_count>0</sys_mod_count>
        <sys_updated_by>admin</sys_updated_by>
        <sys_updated_on>2019-06-28 20:34:19</sys_updated_on>
        <timeout>1970-01-01 00:00:00</timeout>
        <vars/>
        <width>80</width>
        <workflow_version display_value="Create Workspace With Variables">fd0b7c8adbd23300176661ca0b9619cb</workflow_version>
        <x>282</x>
        <y>310</y>
    </wf_activity>
    <sys_variable_value action="delete_multiple" query="document_key=390bbc8adbd23300176661ca0b9619f9"/>
    <wf_transition action="INSERT_OR_UPDATE">
        <condition display_value="Always">b10bbc8adbd23300176661ca0b9619f9</condition>
        <from display_value="Create with  Variables">b90bbc8adbd23300176661ca0b9619f8</from>
        <sys_created_by>admin</sys_created_by>
        <sys_created_on>2019-06-28 20:34:19</sys_created_on>
        <sys_id>390bbc8adbd23300176661ca0b9619fb</sys_id>
        <sys_mod_count>0</sys_mod_count>
        <sys_updated_by>admin</sys_updated_by>
        <sys_updated_on>2019-06-28 20:34:19</sys_updated_on>
        <to display_value="End">390bbc8adbd23300176661ca0b9619f9</to>
    </wf_transition>
    <wf_transition action="INSERT_OR_UPDATE">
        <condition display_value="Always">b50bbc8adbd23300176661ca0b9619fa</condition>
        <from display_value="Begin">710bbc8adbd23300176661ca0b9619fa</from>
        <sys_created_by>admin</sys_created_by>
        <sys_created_on>2019-06-28 20:34:19</sys_created_on>
        <sys_id>3d0bbc8adbd23300176661ca0b9619fb</sys_id>
        <sys_mod_count>0</sys_mod_count>
        <sys_updated_by>admin</sys_updated_by>
        <sys_updated_on>2019-06-28 20:34:19</sys_updated_on>
        <to display_value="Create with  Variables">b90bbc8adbd23300176661ca0b9619f8</to>
    </wf_transition>
    <wf_estimated_runtime_config action="INSERT_OR_UPDATE">
        <estimated_run_time/>
        <no_of_data_points>1</no_of_data_points>
        <percentage_threshold_ert>20</percentage_threshold_ert>
        <sys_created_by>admin</sys_created_by>
        <sys_created_on>2019-06-28 20:34:19</sys_created_on>
        <sys_id>710b7c8adbd23300176661ca0b9619cc</sys_id>
        <sys_mod_count>0</sys_mod_count>
        <sys_updated_by>admin</sys_updated_by>
        <sys_updated_on>2019-06-28 20:34:19</sys_updated_on>
        <workflow_version display_value="Create Workspace With Variables">fd0b7c8adbd23300176661ca0b9619cb</workflow_version>
    </wf_estimated_runtime_config>
    <wf_workflow_version action="update_multiple" query="workflow=067dbf55dbe13300e3d5d426ca961992^sys_id!=fd0b7c8adbd23300176661ca0b9619cb">
        <published>false</published>
    </wf_workflow_version>
</record_update>
